id_fuente,unidad,cantidad_fuente,cantidad_pedidos,diferencia_cantidad,importe_fuente_ars,importe_pedidos_ars,diferencia_importe_ars
F000285,m3,65939.00,65939.00,0.00,31908541.4900,31908541.4900,0.0000
F000286,L,175670.00,175670.00,0.00,207090336.2000,207090336.2000,0.0000
F000287,L,65840.00,65840.00,0.00,95062425.6000,95062425.6000,0.0000
F000288,L,35010.00,35010.00,0.00,49383005.4000,49383005.4000,0.0000
F000289,L,57730.00,57730.00,0.00,67333385.5000,67333385.5000,0.0000
F002825,L,9380.00,9380.00,0.00,14501480.0000,14501480.0000,0.0000
F002826,L,37390.00,37390.00,0.00,59599660.0000,59599660.0000,0.0000
F002827,L,35410.00,35410.00,0.00,45730952.7000,45730952.7000,0.0000
F002828,L,27160.00,27160.00,0.00,33379640.0000,33379640.0000,0.0000
F003081,L,52260.00,52260.00,0.00,81630120.0000,81630120.0000,0.0000
F003082,L,172990.00,172990.00,0.00,216410490.0000,216410490.0000,0.0000
F003083,L,83450.00,83450.00,0.00,127511600.0000,127511600.0000,0.0000
F003084,L,16450.00,16450.00,0.00,21368550.0000,21368550.0000,0.0000
F004701,L,12880.00,12880.00,0.00,16886066.4000,16886066.4000,0.0000
F004702,L,37180.00,37180.00,0.00,56770142.0000,56770142.0000,0.0000
F004703,L,127790.00,127790.00,0.00,160013526.4000,160013526.4000,0.0000
F004704,L,17970.00,17970.00,0.00,28048294.8000,28048294.8000,0.0000
F005215,L,32520.00,32520.00,0.00,45365400.0000,45365400.0000,0.0000
F005216,m3,100647.00,100647.00,0.00,54248733.0000,54248733.0000,0.0000
F005217,L,38000.00,38000.00,0.00,43700000.0000,43700000.0000,0.0000
F005218,L,53600.00,53600.00,0.00,76437888.0000,76437888.0000,0.0000
F005219,L,192710.00,192710.00,0.00,224339492.3000,224339492.3000,0.0000
F005875,L,108030.00,108030.00,0.00,133508875.5000,133508875.5000,0.0000
F005876,L,324720.00,324720.00,0.00,396346737.6000,396346737.6000,0.0000
F005877,L,108840.00,108840.00,0.00,157026733.2000,157026733.2000,0.0000
F005878,L,79880.00,79880.00,0.00,116968284.0000,116968284.0000,0.0000
F005879,L,1570.00,1570.00,0.00,1934098.7000,1934098.7000,0.0000
F005880,m3,138800.00,138800.00,0.00,110901200.0000,110901200.0000,0.0000
F006134,L,8040.00,8040.00,0.00,11690160.0000,11690160.0000,0.0000
F006135,L,49680.00,49680.00,0.00,59367600.0000,59367600.0000,0.0000
F006136,L,17040.00,17040.00,0.00,25389600.0000,25389600.0000,0.0000
F006137,L,60880.00,60880.00,0.00,70925200.0000,70925200.0000,0.0000
F007910,L,4190.00,4190.00,0.00,5816348.5000,5816348.5000,0.0000
F007911,L,113730.00,113730.00,0.00,164654882.1000,164654882.1000,0.0000
F007912,L,55660.00,55660.00,0.00,68197415.0000,68197415.0000,0.0000
F007913,m3,78739.70,78739.70,0.00,50314668.3000,50314668.3000,0.0000
F007914,L,308130.00,308130.00,0.00,374633697.9000,374633697.9000,0.0000
F007917,L,172920.00,172920.00,0.00,252750247.2000,252750247.2000,0.0000
F012063,L,30250.00,30250.00,0.00,43077210.0000,43077210.0000,0.0000
F012064,L,46520.00,46520.00,0.00,54766600.4000,54766600.4000,0.0000
F012065,m3,81548.00,81548.00,0.00,40243122.5200,40243122.5200,0.0000
F012066,L,1370.00,1370.00,0.00,1613750.4000,1613750.4000,0.0000
F012067,L,43040.00,43040.00,0.00,63243836.8000,63243836.8000,0.0000
F012068,L,166490.00,166490.00,0.00,198868975.2000,198868975.2000,0.0000
F013157,L,2510.00,2510.00,0.00,3053866.8000,3053866.8000,0.0000
F013158,L,133040.00,133040.00,0.00,162328756.0000,162328756.0000,0.0000
F013159,L,189130.00,189130.00,0.00,236539217.1000,236539217.1000,0.0000
F013160,L,47790.00,47790.00,0.00,70178659.2000,70178659.2000,0.0000
F013162,L,113540.00,113540.00,0.00,164462690.0000,164462690.0000,0.0000
F013164,m3,57789.00,57789.00,0.00,40388732.1000,40388732.1000,0.0000
F016145,L,125520.00,125520.00,0.00,153887520.0000,153887520.0000,0.0000
F016146,L,56360.00,56360.00,0.00,83074640.0000,83074640.0000,0.0000
F016147,L,103640.00,103640.00,0.00,129135440.0000,129135440.0000,0.0000
F016148,L,143620.00,143620.00,0.00,219882220.0000,219882220.0000,0.0000
F017196,L,82100.00,82100.00,0.00,104588011.0000,104588011.0000,0.0000
F017197,L,13490.00,13490.00,0.00,19710373.9000,19710373.9000,0.0000
F017198,L,65760.00,65760.00,0.00,79939828.8000,79939828.8000,0.0000
F017199,L,18410.00,18410.00,0.00,27611870.3000,27611870.3000,0.0000
F017437,L,208830.00,208830.00,0.00,255620449.8000,255620449.8000,0.0000
F017439,L,41930.00,41930.00,0.00,56058732.8000,56058732.8000,0.0000
F017440,L,28710.00,28710.00,0.00,43988313.6000,43988313.6000,0.0000
F017441,L,19740.00,19740.00,0.00,31481352.0000,31481352.0000,0.0000
F018449,L,6150.00,6150.00,0.00,9477150.0000,9477150.0000,0.0000
F018454,L,4330.00,4330.00,0.00,6672530.0000,6672530.0000,0.0000
F018456,L,33250.00,33250.00,0.00,41961500.0000,41961500.0000,0.0000
F018457,L,55330.00,55330.00,0.00,72758950.0000,72758950.0000,0.0000
F018552,L,107350.00,107350.00,0.00,133758100.0000,133758100.0000,0.0000
F018553,L,68270.00,68270.00,0.00,102063650.0000,102063650.0000,0.0000
F018554,L,24670.00,24670.00,0.00,36116880.0000,36116880.0000,0.0000
F018555,L,219730.00,219730.00,0.00,264554920.0000,264554920.0000,0.0000
F019145,L,253520.00,253520.00,0.00,313424240.8000,313424240.8000,0.0000
F019146,L,287410.00,287410.00,0.00,349004837.1000,349004837.1000,0.0000
F019148,L,156950.00,156950.00,0.00,227001493.5000,227001493.5000,0.0000
F019149,L,246100.00,246100.00,0.00,354767916.0000,354767916.0000,0.0000
F019150,m3,104981.00,104981.00,0.00,71254803.9400,71254803.9400,0.0000
F020381,L,276270.00,276270.00,0.00,332421877.5000,332421877.5000,0.0000
F020382,L,118470.00,118470.00,0.00,171020922.6000,171020922.6000,0.0000
F020383,L,163290.00,163290.00,0.00,101372064.9000,101372064.9000,0.0000
F020384,L,789870.00,789870.00,0.00,963420236.4000,963420236.4000,0.0000
F020458,L,76750.00,76750.00,0.00,95630500.0000,95630500.0000,0.0000
F020459,L,73700.00,73700.00,0.00,110181500.0000,110181500.0000,0.0000
F020460,L,48790.00,48790.00,0.00,71428560.0000,71428560.0000,0.0000
F020461,L,187750.00,187750.00,0.00,226051000.0000,226051000.0000,0.0000
F022125,m3,71508.00,71508.00,0.00,34674229.2000,34674229.2000,0.0000
F022126,L,30610.00,30610.00,0.00,44106561.2000,44106561.2000,0.0000
F022127,L,64970.00,64970.00,0.00,95826851.8000,95826851.8000,0.0000
F022128,L,167960.00,167960.00,0.00,202388440.8000,202388440.8000,0.0000
F022129,L,54450.00,54450.00,0.00,64849950.0000,64849950.0000,0.0000
F024702,L,9000.00,9000.00,0.00,14112000.0000,14112000.0000,0.0000
F024703,L,39000.00,39000.00,0.00,52572000.0000,52572000.0000,0.0000
F024704,L,21000.00,21000.00,0.00,26838000.0000,26838000.0000,0.0000
F024705,L,26000.00,26000.00,0.00,42328000.0000,42328000.0000,0.0000
F024957,L,18390.00,18390.00,0.00,24660990.0000,24660990.0000,0.0000
F024958,L,59340.00,59340.00,0.00,94884660.0000,94884660.0000,0.0000
F024959,L,84280.00,84280.00,0.00,132066760.0000,132066760.0000,0.0000
F024960,L,187550.00,187550.00,0.00,241751950.0000,241751950.0000,0.0000
F026584,L,10510.00,10510.00,0.00,14093910.0000,14093910.0000,0.0000
F026585,L,15980.00,15980.00,0.00,25552020.0000,25552020.0000,0.0000
F026586,L,32980.00,32980.00,0.00,51679660.0000,51679660.0000,0.0000
F026587,L,119280.00,119280.00,0.00,153751920.0000,153751920.0000,0.0000
F027099,m3,94624.00,94624.00,0.00,53232623.6800,53232623.6800,0.0000
F027100,L,30050.00,30050.00,0.00,43782850.0000,43782850.0000,0.0000
F027101,L,57720.00,57720.00,0.00,82251000.0000,82251000.0000,0.0000
F027102,L,201400.00,201400.00,0.00,239666000.0000,239666000.0000,0.0000
F027103,L,30800.00,30800.00,0.00,36194620.0000,36194620.0000,0.0000
F027774,L,1820.00,1820.00,0.00,2251340.0000,2251340.0000,0.0000
F027775,L,69290.00,69290.00,0.00,103657840.0000,103657840.0000,0.0000
F027776,L,293900.00,293900.00,0.00,366493300.0000,366493300.0000,0.0000
F027777,L,110420.00,110420.00,0.00,162648660.0000,162648660.0000,0.0000
F027778,L,110380.00,110380.00,0.00,139288522.0000,139288522.0000,0.0000
F027779,m3,124890.00,124890.00,0.00,105207336.0000,105207336.0000,0.0000
F028036,L,39500.00,39500.00,0.00,50240445.0000,50240445.0000,0.0000
F028037,L,9640.00,9640.00,0.00,14324461.6000,14324461.6000,0.0000
F028038,L,13280.00,13280.00,0.00,20468198.4000,20468198.4000,0.0000
F028039,L,55580.00,55580.00,0.00,69891850.0000,69891850.0000,0.0000
F029823,m3,76233.80,76233.80,0.00,49985740.3220,49985740.3220,0.0000
F029824,L,295350.00,295350.00,0.00,366535257.0000,366535257.0000,0.0000
F029825,L,158750.00,158750.00,0.00,237007400.0000,237007400.0000,0.0000
F029826,L,97360.00,97360.00,0.00,143996413.6000,143996413.6000,0.0000
F029827,L,55910.00,55910.00,0.00,69938937.2000,69938937.2000,0.0000
F029831,L,2580.00,2580.00,0.00,3612000.0000,3612000.0000,0.0000
F033962,L,38650.00,38650.00,0.00,57980797.5000,57980797.5000,0.0000
F033963,L,89000,89000,0,107067890.00,107067890.00,0.00
F033964,m3,72631.00,72631.00,0.00,35945081.9000,35945081.9000,0.0000
F033965,L,36710.00,36710.00,0.00,44090912.6000,44090912.6000,0.0000
F033966,L,149390.00,149390.00,0.00,182113879.5000,182113879.5000,0.0000
F033967,L,24530.00,24530.00,0.00,35739228.8000,35739228.8000,0.0000
F035055,L,131540.00,131540.00,0.00,164026433.8000,164026433.8000,0.0000
F035056,m3,43360.00,43360.00,0.00,30308640.0000,30308640.0000,0.0000
F035061,L,2510.00,2510.00,0.00,3192218.0000,3192218.0000,0.0000
F035062,L,46450.00,46450.00,0.00,69660600.5000,69660600.5000,0.0000
F035063,L,163610.00,163610.00,0.00,208651833.0000,208651833.0000,0.0000
F035064,L,105660.00,105660.00,0.00,156017556.0000,156017556.0000,0.0000
F037940,L,13570.00,13570.00,0.00,20409280.0000,20409280.0000,0.0000
F037941,L,131540.00,131540.00,0.00,164556540.0000,164556540.0000,0.0000
F037942,L,162540.00,162540.00,0.00,206588340.0000,206588340.0000,0.0000
F037943,L,34070.00,34070.00,0.00,52161170.0000,52161170.0000,0.0000
F039003,L,19960.00,19960.00,0.00,30498880.0000,30498880.0000,0.0000
F039004,L,78650.00,78650.00,0.00,101839952.5000,101839952.5000,0.0000
F039005,L,13180.00,13180.00,0.00,19633850.6000,19633850.6000,0.0000
F039006,L,60200.00,60200.00,0.00,74638970.0000,74638970.0000,0.0000
F039229,L,187660.00,187660.00,0.00,234695102.4000,234695102.4000,0.0000
F039230,L,21110.00,21110.00,0.00,33069870.5000,33069870.5000,0.0000
F039232,L,36860.00,36860.00,0.00,50343388.0000,50343388.0000,0.0000
F039233,L,24160.00,24160.00,0.00,39373310.4000,39373310.4000,0.0000
F040239,L,49380.00,49380.00,0.00,66218580.0000,66218580.0000,0.0000
F040240,L,3230.00,3230.00,0.00,5164770.0000,5164770.0000,0.0000
F040241,L,5260.00,5260.00,0.00,8242420.0000,8242420.0000,0.0000
F040246,L,35100.00,35100.00,0.00,45243900.0000,45243900.0000,0.0000
F040343,L,62490.00,62490.00,0.00,95672190.0000,95672190.0000,0.0000
F040344,L,19750.00,19750.00,0.00,29506500.0000,29506500.0000,0.0000
F040345,L,205600.00,205600.00,0.00,252682400.0000,252682400.0000,0.0000
F040346,L,104430.00,104430.00,0.00,132730530.0000,132730530.0000,0.0000
F040929,m3,92220.20,92220.20,0.00,64461919.8000,64461919.8000,0.0000
F040932,L,143040.00,143040.00,0.00,211275801.6000,211275801.6000,0.0000
F040935,L,254690.00,254690.00,0.00,315937851.2000,315937851.2000,0.0000
F040937,L,250650.00,250650.00,0.00,316297741.5000,316297741.5000,0.0000
F040938,L,229510.00,229510.00,0.00,337769867.0000,337769867.0000,0.0000
F042187,L,258080.00,258080.00,0.00,317268067.2000,317268067.2000,0.0000
F042188,L,308600.00,308600.00,0.00,450265916.0000,450265916.0000,0.0000
F042189,L,114720.00,114720.00,0.00,169033036.8000,169033036.8000,0.0000
F042192,L,730760.00,730760.00,0.00,911265027.6000,911265027.6000,0.0000
F042266,L,72920.00,72920.00,0.00,92681320.0000,92681320.0000,0.0000
F042267,L,67840.00,67840.00,0.00,103456000.0000,103456000.0000,0.0000
F042268,L,184990.00,184990.00,0.00,227352710.0000,227352710.0000,0.0000
F042269,L,48480.00,48480.00,0.00,72429120.0000,72429120.0000,0.0000
F043930,L,73920.00,73920.00,0.00,111171244.8000,111171244.8000,0.0000
F043931,L,38930.00,38930.00,0.00,57185834.2000,57185834.2000,0.0000
F043932,L,59720.00,59720.00,0.00,72559800.0000,72559800.0000,0.0000
F043933,m3,85237.00,85237.00,0.00,43089008.2400,43089008.2400,0.0000
F043934,L,199660.00,199660.00,0.00,245378146.8000,245378146.8000,0.0000
F046524,L,17830.00,17830.00,0.00,23321640.0000,23321640.0000,0.0000
F046525,L,10510.00,10510.00,0.00,16805490.0000,16805490.0000,0.0000
F046526,L,28670.00,28670.00,0.00,39736620.0000,39736620.0000,0.0000
F046527,L,25340.00,25340.00,0.00,42013720.0000,42013720.0000,0.0000
F046778,L,202600.00,202600.00,0.00,266216400.0000,266216400.0000,0.0000
F046779,L,87160.00,87160.00,0.00,138758720.0000,138758720.0000,0.0000
F046780,L,15930.00,15930.00,0.00,21648870.0000,21648870.0000,0.0000
F046781,L,58580.00,58580.00,0.00,95836880.0000,95836880.0000,0.0000
F048391,L,16650.00,16650.00,0.00,27172800.0000,27172800.0000,0.0000
F048392,L,12220.00,12220.00,0.00,16765840.0000,16765840.0000,0.0000
F048393,L,37660.00,37660.00,0.00,60067700.0000,60067700.0000,0.0000
F048394,L,132900.00,132900.00,0.00,174630600.0000,174630600.0000,0.0000
F048904,m3,110.78,110.78,0.00,63033.8200,63033.8200,0.0000
F048905,L,73060.00,73060.00,0.00,108494100.0000,108494100.0000,0.0000
F048906,L,39580.00,39580.00,0.00,47416840.0000,47416840.0000,0.0000
F048907,L,232160.00,232160.00,0.00,295539680.0000,295539680.0000,0.0000
F048908,L,38520.00,38520.00,0.00,55969560.0000,55969560.0000,0.0000
F049587,L,129560.00,129560.00,0.00,166602499.6000,166602499.6000,0.0000
F049588,L,95490.00,95490.00,0.00,143328580.2000,143328580.2000,0.0000
F049589,L,321480.00,321480.00,0.00,408591435.6000,408591435.6000,0.0000
F049590,L,70640.00,70640.00,0.00,107725293.6000,107725293.6000,0.0000
F049591,L,2380.00,2380.00,0.00,3032358.0000,3032358.0000,0.0000
F049592,m3,139200.00,139200.00,0.00,118180800.0000,118180800.0000,0.0000
F049850,L,37170.00,37170.00,0.00,48318769.8000,48318769.8000,0.0000
F049851,L,57870.00,57870.00,0.00,74166770.7000,74166770.7000,0.0000
F049852,L,12990.00,12990.00,0.00,20602140.0000,20602140.0000,0.0000
F049853,L,6430.00,6430.00,0.00,9862205.4000,9862205.4000,0.0000
F051628,m3,83994.70,83994.70,0.00,55352507.3000,55352507.3000,0.0000
F051629,L,170330.00,170330.00,0.00,259410886.7000,259410886.7000,0.0000
F051630,L,318200.00,318200.00,0.00,402838018.0000,402838018.0000,0.0000
F051631,L,49260.00,49260.00,0.00,62881867.8000,62881867.8000,0.0000
F051632,L,4150.00,4150.00,0.00,5810000.0000,5810000.0000,0.0000
F051633,L,115660.00,115660.00,0.00,174421063.0000,174421063.0000,0.0000
F055766,m3,84093.00,84093.00,0.00,40242705.1500,40242705.1500,0.0000
F055767,L,44890.00,44890.00,0.00,63250907.8000,63250907.8000,0.0000
F055768,L,36510.00,36510.00,0.00,43075958.4000,43075958.4000,0.0000
F055769,L,174030.00,174030.00,0.00,198864081.0000,198864081.0000,0.0000
F055770,L,2040.00,2040.00,0.00,1618250.4000,1618250.4000,0.0000
F055771,L,46510.00,46510.00,0.00,54766455.2000,54766455.2000,0.0000
F056863,L,152820.00,152820.00,0.00,198688923.0000,198688923.0000,0.0000
F056865,L,45180.00,45180.00,0.00,68857482.6000,68857482.6000,0.0000
F056868,m3,57078.00,57078.00,0.00,41229722.5200,41229722.5200,0.0000
F056869,L,138730.00,138730.00,0.00,175654376.8000,175654376.8000,0.0000
F056870,L,3550.00,3550.00,0.00,4564128.5000,4564128.5000,0.0000
F056872,L,107740.00,107740.00,0.00,162024799.0000,162024799.0000,0.0000
F059778,L,6780.00,6780.00,0.00,10393740.0000,10393740.0000,0.0000
F059779,L,33950.00,33950.00,0.00,53165700.0000,53165700.0000,0.0000
F059780,L,204450.00,204450.00,0.00,265785000.0000,265785000.0000,0.0000
F059781,L,119870.00,119870.00,0.00,152834250.0000,152834250.0000,0.0000
F060850,L,63890.00,63890.00,0.00,80853433.9000,80853433.9000,0.0000
F060851,L,83580.00,83580.00,0.00,110293003.8000,110293003.8000,0.0000
F060852,L,20580.00,20580.00,0.00,32055202.2000,32055202.2000,0.0000
F060853,L,11330.00,11330.00,0.00,17251851.1000,17251851.1000,0.0000
F061073,L,130840.00,130840.00,0.00,166743804.4000,166743804.4000,0.0000
F061075,L,39530.00,39530.00,0.00,55211551.0000,55211551.0000,0.0000
F061076,L,19050.00,19050.00,0.00,30426850.5000,30426850.5000,0.0000
F061079,L,24350.00,24350.00,0.00,40208668.0000,40208668.0000,0.0000
F062093,L,58620.00,58620.00,0.00,78609420.0000,78609420.0000,0.0000
F062095,L,4250.00,4250.00,0.00,6659750.0000,6659750.0000,0.0000
F062096,L,4390.00,4390.00,0.00,7019610.0000,7019610.0000,0.0000
F062098,L,38120.00,38120.00,0.00,49136680.0000,49136680.0000,0.0000
F062195,L,23760.00,23760.00,0.00,36186480.0000,36186480.0000,0.0000
F062196,L,110770.00,110770.00,0.00,144001000.0000,144001000.0000,0.0000
F062197,L,74460.00,74460.00,0.00,116604360.0000,116604360.0000,0.0000
F062198,L,235940.00,235940.00,0.00,295396880.0000,295396880.0000,0.0000
F062782,m3,94855.90,94855.90,0.00,66304274.1000,66304274.1000,0.0000
F062784,L,243460.00,243460.00,0.00,307804043.4000,307804043.4000,0.0000
F062785,L,247080.00,247080.00,0.00,317665814.4000,317665814.4000,0.0000
F062790,L,134980.00,134980.00,0.00,203151649.0000,203151649.0000,0.0000
F062791,L,255570.00,255570.00,0.00,383099430.0000,383099430.0000,0.0000
F064040,L,309820.00,309820.00,0.00,460373930.8000,460373930.8000,0.0000
F064041,L,762940.00,762940.00,0.00,970085839.4000,970085839.4000,0.0000
F064043,L,128540.00,128540.00,0.00,193027232.6000,193027232.6000,0.0000
F064045,L,282690.00,282690.00,0.00,354032475.3000,354032475.3000,0.0000
F064118,L,79590.00,79590.00,0.00,103467000.0000,103467000.0000,0.0000
F064119,L,208940.00,208940.00,0.00,261592880.0000,261592880.0000,0.0000
F064120,L,75870.00,75870.00,0.00,118357200.0000,118357200.0000,0.0000
F064121,L,49500.00,49500.00,0.00,75388500.0000,75388500.0000,0.0000
F065784,L,187210.00,187210.00,0.00,234379431.6000,234379431.6000,0.0000
F065785,m3,84775.00,84775.00,0.00,43150475.0000,43150475.0000,0.0000
F065786,L,35860.00,35860.00,0.00,42113625.4000,42113625.4000,0.0000
F065787,L,57320.00,57320.00,0.00,70904840.0000,70904840.0000,0.0000
F065788,L,65260.00,65260.00,0.00,78150155.2000,78150155.2000,0.0000
F068365,L,5060.00,5060.00,0.00,8293340.0000,8293340.0000,0.0000
F068366,L,52670.00,52670.00,0.00,74710288.2000,74710288.2000,0.0000
F068367,L,31600.00,31600.00,0.00,42312400.0000,42312400.0000,0.0000
F068368,L,19000.00,19000.00,0.00,31521000.0000,31521000.0000,0.0000
F068620,L,85970.00,85970.00,0.00,139529310.0000,139529310.0000,0.0000
F068621,L,58750.00,58750.00,0.00,97642500.0000,97642500.0000,0.0000
F068622,L,16150.00,16150.00,0.00,22416200.0000,22416200.0000,0.0000
F068623,L,178450.00,178450.00,0.00,238052300.0000,238052300.0000,0.0000
F070231,L,15970.00,15970.00,0.00,26494230.0000,26494230.0000,0.0000
F070232,L,121810.00,121810.00,0.00,162859970.0000,162859970.0000,0.0000
F070233,L,11260.00,11260.00,0.00,15752740.0000,15752740.0000,0.0000
F070234,L,36360.00,36360.00,0.00,59012280.0000,59012280.0000,0.0000
F070745,m3,109117.00,109117.00,0.00,62087573.0000,62087573.0000,0.0000
F070746,L,25510.00,25510.00,0.00,38545610.0000,38545610.0000,0.0000
F070747,L,28290.00,28290.00,0.00,34485510.0000,34485510.0000,0.0000
F070748,L,177450.00,177450.00,0.00,218973300.0000,218973300.0000,0.0000
F070749,L,39330.00,39330.00,0.00,58129740.0000,58129740.0000,0.0000
F071419,L,116980.00,116980.00,0.00,153118631.4000,153118631.4000,0.0000
F071420,L,69430.00,69430.00,0.00,107740085.4000,107740085.4000,0.0000
F071421,L,114120.00,114120.00,0.00,174255534.0000,174255534.0000,0.0000
F071422,L,2340.00,2340.00,0.00,3063060.0000,3063060.0000,0.0000
F071423,L,294890.00,294890.00,0.00,381056858.0000,381056858.0000,0.0000
F071424,m3,133.18,133.18,0.00,113069.8200,113069.8200,0.0000
F071680,L,29830.00,29830.00,0.00,39462405.3000,39462405.3000,0.0000
F071681,L,10650.00,10650.00,0.00,16823272.5000,16823272.5000,0.0000
F071682,L,4370.00,4370.00,0.00,6707513.0000,6707513.0000,0.0000
F071683,L,39100.00,39100.00,0.00,50039007.0000,50039007.0000,0.0000
F073457,m3,81303.70,81303.70,0.00,53579138.3000,53579138.3000,0.0000
F073458,L,122990.00,122990.00,0.00,188858524.4000,188858524.4000,0.0000
F073459,L,166680.00,166680.00,0.00,258497344.8000,258497344.8000,0.0000
F073460,L,49190.00,49190.00,0.00,63946016.2000,63946016.2000,0.0000
F073461,L,302350.00,302350.00,0.00,390019406.0000,390019406.0000,0.0000
F073462,L,4990.00,4990.00,0.00,7265739.4000,7265739.4000,0.0000
F077601,L,48610.00,48610.00,0.00,42229937.5000,42229937.5000,0.0000
F077602,L,29890.00,29890.00,0.00,32337692.1000,32337692.1000,0.0000
F077603,L,167790.00,167790.00,0.00,139426778.4000,139426778.4000,0.0000
F077604,L,43690.00,43690.00,0.00,46394411.0000,46394411.0000,0.0000
F077605,m3,80684.00,80684.00,0.00,33092542.6000,33092542.6000,0.0000
F077606,L,2130.00,2130.00,0.00,1661932.5000,1661932.5000,0.0000
F078696,L,46770.00,46770.00,0.00,72582363.0000,72582363.0000,0.0000
F078697,L,203090.00,203090.00,0.00,268748997.0000,268748997.0000,0.0000
F078698,L,117830.00,117830.00,0.00,180435435.6000,180435435.6000,0.0000
F078699,L,4500.00,4500.00,0.00,5787540.0000,5787540.0000,0.0000
F078700,L,133760.00,133760.00,0.00,172645369.6000,172645369.6000,0.0000
F078701,m3,56561.00,56561.00,0.00,42420750.0000,42420750.0000,0.0000
F081589,L,27390.00,27390.00,0.00,43796610.0000,43796610.0000,0.0000
F081590,L,4690.00,4690.00,0.00,7189770.0000,7189770.0000,0.0000
F081591,L,105070.00,105070.00,0.00,136482777.9000,136482777.9000,0.0000
F081592,L,192710.00,192710.00,0.00,255340750.0000,255340750.0000,0.0000
F082636,L,15570.00,15570.00,0.00,24756300.0000,24756300.0000,0.0000
F082637,L,7560.00,7560.00,0.00,11738109.6000,11738109.6000,0.0000
F082638,L,86160.00,86160.00,0.00,115965328.8000,115965328.8000,0.0000
F082639,L,58040.00,58040.00,0.00,74974911.2000,74974911.2000,0.0000
F082870,L,38300.00,38300.00,0.00,54407831.0000,54407831.0000,0.0000
F082871,L,24350.00,24350.00,0.00,40480657.5000,40480657.5000,0.0000
F082872,L,17990.00,17990.00,0.00,29210542.9000,29210542.9000,0.0000
F082873,L,118470.00,118470.00,0.00,153601093.8000,153601093.8000,0.0000
F083879,L,2140.00,2140.00,0.00,3475360.0000,3475360.0000,0.0000
F083883,L,12000.00,12000.00,0.00,19944000.0000,19944000.0000,0.0000
F083884,L,84000.00,84000.00,0.00,112056000.0000,112056000.0000,0.0000
F083885,L,47900.00,47900.00,0.00,66485200.0000,66485200.0000,0.0000
F083981,L,103020.00,103020.00,0.00,136295460.0000,136295460.0000,0.0000
F083982,L,221760.00,221760.00,0.00,282522240.0000,282522240.0000,0.0000
F083983,L,24530.00,24530.00,0.00,38021500.0000,38021500.0000,0.0000
F083984,L,70330.00,70330.00,0.00,112035690.0000,112035690.0000,0.0000
F084570,m3,89727.20,89727.20,0.00,62719312.8000,62719312.8000,0.0000
F084571,L,217260.00,217260.00,0.00,278948804.4000,278948804.4000,0.0000
F084577,L,119160.00,119160.00,0.00,181516428.0000,181516428.0000,0.0000
F084578,L,274640.00,274640.00,0.00,359479042.4000,359479042.4000,0.0000
F084579,L,225490.00,225490.00,0.00,344063916.5000,344063916.5000,0.0000
F085827,L,291610.00,291610.00,0.00,441290496.9000,441290496.9000,0.0000
F085828,L,873660.00,873660.00,0.00,1130786874.6000,1130786874.6000,0.0000
F085832,L,247930.00,247930.00,0.00,315900009.5000,315900009.5000,0.0000
F085833,L,106450.00,106450.00,0.00,162564053.0000,162564053.0000,0.0000
F085906,L,46300.00,46300.00,0.00,71765000.0000,71765000.0000,0.0000
F085907,L,174730.00,174730.00,0.00,222606020.0000,222606020.0000,0.0000
F085908,L,70670.00,70670.00,0.00,93496410.0000,93496410.0000,0.0000
F085909,L,61660.00,61660.00,0.00,97854420.0000,97854420.0000,0.0000
F087563,m3,79901.00,79901.00,0.00,40669609.0000,40669609.0000,0.0000
F087564,L,39390.00,39390.00,0.00,54432647.1000,54432647.1000,0.0000
F087565,L,79550.00,79550.00,0.00,114668938.5000,114668938.5000,0.0000
F087566,L,197280.00,197280.00,0.00,242780659.2000,242780659.2000,0.0000
F087567,L,53190.00,53190.00,0.00,64130651.1000,64130651.1000,0.0000
F090171,L,15960.00,15960.00,0.00,26085183.6000,26085183.6000,0.0000
F090172,L,32320.00,32320.00,0.00,42885731.2000,42885731.2000,0.0000
F090173,L,3720.00,3720.00,0.00,6001959.6000,6001959.6000,0.0000
F090174,L,50490.00,50490.00,0.00,70610769.9000,70610769.9000,0.0000
F090426,L,14880.00,14880.00,0.00,20340960.0000,20340960.0000,0.0000
F090427,L,65240.00,65240.00,0.00,104188280.0000,104188280.0000,0.0000
F090428,L,88050.00,88050.00,0.00,137886300.0000,137886300.0000,0.0000
F090429,L,175800.00,175800.00,0.00,232583400.0000,232583400.0000,0.0000
F092034,L,104540.00,104540.00,0.00,138842710.2000,138842710.2000,0.0000
F092035,L,8890.00,8890.00,0.00,12286513.4000,12286513.4000,0.0000
F092036,L,32490.00,32490.00,0.00,51237704.7000,51237704.7000,0.0000
F092037,L,13950.00,13950.00,0.00,22411791.0000,22411791.0000,0.0000
F092541,L,240260.00,240260.00,0.00,290892392.4000,290892392.4000,0.0000
F092542,L,78910.00,78910.00,0.00,112187925.2000,112187925.2000,0.0000
F092543,L,37630.00,37630.00,0.00,51305494.6000,51305494.6000,0.0000
F092544,L,34180.00,34180.00,0.00,40499882.0000,40499882.0000,0.0000
F092545,m3,118229.00,118229.00,0.00,67272301.0000,67272301.0000,0.0000
F093212,m3,139000.00,139000.00,0.00,118011000.0000,118011000.0000,0.0000
F093213,L,291310.00,291310.00,0.00,369238338.1000,369238338.1000,0.0000
F093214,L,83800.00,83800.00,0.00,122393252.0000,122393252.0000,0.0000
F093215,L,109260.00,109260.00,0.00,153930951.0000,153930951.0000,0.0000
F093216,L,2870.00,2870.00,0.00,3756830.0000,3756830.0000,0.0000
F093217,L,116690.00,116690.00,0.00,148586044.6000,148586044.6000,0.0000
F093478,L,42430.00,42430.00,0.00,54537400.5000,54537400.5000,0.0000
F093479,L,3670.00,3670.00,0.00,5488631.8000,5488631.8000,0.0000
F093480,L,45560.00,45560.00,0.00,56969590.8000,56969590.8000,0.0000
F093481,L,9630.00,9630.00,0.00,14361507.9000,14361507.9000,0.0000
F095262,L,4540.00,4540.00,0.00,6810000.0000,6810000.0000,0.0000
F095263,L,171390.00,171390.00,0.00,250477915.5000,250477915.5000,0.0000
F095264,L,318090.00,318090.00,0.00,402940507.5000,402940507.5000,0.0000
F095265,L,128640.00,128640.00,0.00,182493849.6000,182493849.6000,0.0000
F095266,L,44820.00,44820.00,0.00,56761392.6000,56761392.6000,0.0000
F095267,m3,85828.50,85828.50,0.00,56560981.5000,56560981.5000,0.0000
F099409,L,1440.00,1440.00,0.00,1752480.0000,1752480.0000,0.0000
F099410,m3,87272.00,87272.00,0.00,44936352.8000,44936352.8000,0.0000
F099411,L,45590.00,45590.00,0.00,66834940.0000,66834940.0000,0.0000
F099412,L,178320.00,178320.00,0.00,221651760.0000,221651760.0000,0.0000
F099413,L,35890.00,35890.00,0.00,50138330.0000,50138330.0000,0.0000
F099414,L,54590.00,54590.00,0.00,66436030.0000,66436030.0000,0.0000
F100502,L,48580.00,48580.00,0.00,71547652.4000,71547652.4000,0.0000
F100507,L,4500.00,4500.00,0.00,5803425.0000,5803425.0000,0.0000
F100508,L,121630.00,121630.00,0.00,172701220.7000,172701220.7000,0.0000
F100509,L,208690.00,208690.00,0.00,269637914.5000,269637914.5000,0.0000
F100510,m3,60736.00,60736.00,0.00,45552000.0000,45552000.0000,0.0000
F100512,L,137870.00,137870.00,0.00,175593989.4000,175593989.4000,0.0000
F103406,L,27390.00,27390.00,0.00,40509810.0000,40509810.0000,0.0000
F103407,L,4690.00,4690.00,0.00,7189770.0000,7189770.0000,0.0000
F103408,L,184870.00,184870.00,0.00,238297430.0000,238297430.0000,0.0000
F103409,L,105070.00,105070.00,0.00,134384530.0000,134384530.0000,0.0000
F104466,L,20600.00,20600.00,0.00,30739938.0000,30739938.0000,0.0000
F104467,L,8550.00,8550.00,0.00,12626212.5000,12626212.5000,0.0000
F104468,L,58160.00,58160.00,0.00,73902748.8000,73902748.8000,0.0000
F104469,L,106260.00,106260.00,0.00,140280201.6000,140280201.6000,0.0000
F104693,L,39670.00,39670.00,0.00,55450329.3000,55450329.3000,0.0000
F104697,L,18420.00,18420.00,0.00,29033051.4000,29033051.4000,0.0000
F104698,L,24550.00,24550.00,0.00,39439329.5000,39439329.5000,0.0000
F104699,L,119400.00,119400.00,0.00,152008140.0000,152008140.0000,0.0000
F105705,L,39000.00,39000.00,0.00,53313000.0000,53313000.0000,0.0000
F105706,L,6000.00,6000.00,0.00,9582000.0000,9582000.0000,0.0000
F105707,L,7000.00,7000.00,0.00,10969000.0000,10969000.0000,0.0000
F105708,L,64900.00,64900.00,0.00,85862700.0000,85862700.0000,0.0000
F105806,L,76500.00,76500.00,0.00,112608000.0000,112608000.0000,0.0000
F105807,L,116620.00,116620.00,0.00,150323180.0000,150323180.0000,0.0000
F105808,L,26790.00,26790.00,0.00,39113400.0000,39113400.0000,0.0000
F105809,L,228910.00,228910.00,0.00,286595320.0000,286595320.0000,0.0000
F106396,m3,94907.80,94907.80,0.00,66339603.1220,66339603.1220,0.0000
F106397,L,126840.00,126840.00,0.00,183654172.8000,183654172.8000,0.0000
F106398,L,221090.00,221090.00,0.00,279130546.8000,279130546.8000,0.0000
F106400,L,275600.00,275600.00,0.00,350973844.0000,350973844.0000,0.0000
F106402,L,256540.00,256540.00,0.00,361259628.0000,361259628.0000,0.0000
F107659,L,119860.00,119860.00,0.00,172242415.8000,172242415.8000,0.0000
F107660,L,272890.00,272890.00,0.00,341347185.4000,341347185.4000,0.0000
F107661,L,314820.00,314820.00,0.00,439413163.2000,439413163.2000,0.0000
F107662,L,971990.00,971990.00,0.00,1223774289.6000,1223774289.6000,0.0000
F107735,L,194460.00,194460.00,0.00,243463920.0000,243463920.0000,0.0000
F107736,L,68130.00,68130.00,0.00,99878580.0000,99878580.0000,0.0000
F107737,L,72030.00,72030.00,0.00,92846670.0000,92846670.0000,0.0000
F107738,L,47330.00,47330.00,0.00,69101800.0000,69101800.0000,0.0000
F109409,L,193550.00,193550.00,0.00,241161364.5000,241161364.5000,0.0000
F109410,L,52790.00,52790.00,0.00,64455534.2000,64455534.2000,0.0000
F109411,L,79880.00,79880.00,0.00,116544920.0000,116544920.0000,0.0000
F109412,m3,79887.00,79887.00,0.00,40662483.0000,40662483.0000,0.0000
F109413,L,36770.00,36770.00,0.00,51441230.0000,51441230.0000,0.0000
F112022,L,23380.00,23380.00,0.00,38436720.0000,38436720.0000,0.0000
F112023,L,20520.00,20520.00,0.00,27312120.0000,27312120.0000,0.0000
F112024,L,55070.00,55070.00,0.00,77428420.0000,77428420.0000,0.0000
F112025,L,8150.00,8150.00,0.00,13040000.0000,13040000.0000,0.0000
F112277,L,168310.00,168310.00,0.00,228549832.1000,228549832.1000,0.0000
F112278,L,85160.00,85160.00,0.00,136841900.8000,136841900.8000,0.0000
F112279,L,64550.00,64550.00,0.00,105806487.0000,105806487.0000,0.0000
F112280,L,14240.00,14240.00,0.00,19976156.8000,19976156.8000,0.0000
F113870,L,94730.00,94730.00,0.00,129100885.9000,129100885.9000,0.0000
F113871,L,32560.00,32560.00,0.00,52318384.8000,52318384.8000,0.0000
F113872,L,9460.00,9460.00,0.00,13384670.2000,13384670.2000,0.0000
F113873,L,13750.00,13750.00,0.00,22483587.5000,22483587.5000,0.0000
F114378,m3,112954.00,112954.00,0.00,64270826.0000,64270826.0000,0.0000
F114379,L,218210.00,218210.00,0.00,267525460.0000,267525460.0000,0.0000
F114380,L,31120.00,31120.00,0.00,44781680.0000,44781680.0000,0.0000
F114381,L,65820.00,65820.00,0.00,90963240.0000,90963240.0000,0.0000
F114382,L,34140.00,34140.00,0.00,41002140.0000,41002140.0000,0.0000
F115046,L,317460.00,317460.00,0.00,407593243.2000,407593243.2000,0.0000
F115047,m3,141050.00,141050.00,0.00,119751450.0000,119751450.0000,0.0000
F115048,L,4580.00,4580.00,0.00,5995220.0000,5995220.0000,0.0000
F115049,L,106320.00,106320.00,0.00,137258056.8000,137258056.8000,0.0000
F115050,L,95080.00,95080.00,0.00,135678209.2000,135678209.2000,0.0000
F115051,L,72370.00,72370.00,0.00,107033782.6000,107033782.6000,0.0000
F115311,L,44270.00,44270.00,0.00,58995530.1000,58995530.1000,0.0000
F115312,L,45410.00,45410.00,0.00,60244084.7000,60244084.7000,0.0000
F115313,L,3270.00,3270.00,0.00,4957287.3000,4957287.3000,0.0000
F115314,L,9260.00,9260.00,0.00,14111128.8000,14111128.8000,0.0000
F117088,L,125710.00,125710.00,0.00,180772237.1000,180772237.1000,0.0000
F117089,L,313600.00,313600.00,0.00,402348800.0000,402348800.0000,0.0000
F117090,L,181830.00,181830.00,0.00,269290230.0000,269290230.0000,0.0000
F117091,L,6900.00,6900.00,0.00,10405269.0000,10405269.0000,0.0000
F117092,m3,84845.10,84845.10,0.00,55912920.9000,55912920.9000,0.0000
F117093,L,46490.00,46490.00,0.00,59688046.1000,59688046.1000,0.0000
F121236,L,50930.00,50930.00,0.00,62694830.0000,62694830.0000,0.0000
F121237,L,32180.00,32180.00,0.00,45470340.0000,45470340.0000,0.0000
F121238,L,48200.00,48200.00,0.00,71480600.0000,71480600.0000,0.0000
F121239,L,3090.00,3090.00,0.00,3803790.0000,3803790.0000,0.0000
F121240,L,176020.00,176020.00,0.00,221433160.0000,221433160.0000,0.0000
F121241,m3,83210.00,83210.00,0.00,42844829.0000,42844829.0000,0.0000
F122321,L,50980.00,50980.00,0.00,75295930.6000,75295930.6000,0.0000
F122322,m3,58182.00,58182.00,0.00,43636500.0000,43636500.0000,0.0000
F122324,L,125570.00,125570.00,0.00,179275033.3000,179275033.3000,0.0000
F122326,L,234490.00,234490.00,0.00,306250974.7000,306250974.7000,0.0000
F122328,L,135540.00,135540.00,0.00,173667402.0000,173667402.0000,0.0000
F122329,L,11100.00,11100.00,0.00,14303682.0000,14303682.0000,0.0000
F125198,L,25780.00,25780.00,0.00,38128620.0000,38128620.0000,0.0000
F125199,L,4820.00,4820.00,0.00,7389060.0000,7389060.0000,0.0000
F125200,L,155010.00,155010.00,0.00,199807890.0000,199807890.0000,0.0000
F125201,L,98780.00,98780.00,0.00,126339620.0000,126339620.0000,0.0000
F126251,L,25870.00,25870.00,0.00,38913654.0000,38913654.0000,0.0000
F126252,L,9350.00,9350.00,0.00,14020044.5000,14020044.5000,0.0000
F126253,L,61080.00,61080.00,0.00,79229922.0000,79229922.0000,0.0000
F126254,L,103190.00,103190.00,0.00,139227043.7000,139227043.7000,0.0000
F126477,L,21170.00,21170.00,0.00,34434698.6000,34434698.6000,0.0000
F126482,L,30460.00,30460.00,0.00,43624812.0000,43624812.0000,0.0000
F126492,L,106710.00,106710.00,0.00,139506251.4000,139506251.4000,0.0000
F126493,L,15130.00,15130.00,0.00,24240075.6000,24240075.6000,0.0000
F127490,L,65300.00,65300.00,0.00,87371400.0000,87371400.0000,0.0000
F127491,L,6000.00,6000.00,0.00,9492000.0000,9492000.0000,0.0000
F127492,L,41000.00,41000.00,0.00,56621000.0000,56621000.0000,0.0000
F127493,L,7000.00,7000.00,0.00,11284000.0000,11284000.0000,0.0000
F127593,L,119490.00,119490.00,0.00,155814960.0000,155814960.0000,0.0000
F127594,L,77240.00,77240.00,0.00,115010360.0000,115010360.0000,0.0000
F127595,L,218700.00,218700.00,0.00,276874200.0000,276874200.0000,0.0000
F127596,L,28330.00,28330.00,0.00,41843410.0000,41843410.0000,0.0000
F128180,L,127440.00,127440.00,0.00,186995260.8000,186995260.8000,0.0000
F128181,m3,91237.80,91237.80,0.00,63775222.2000,63775222.2000,0.0000
F128183,L,267940.00,267940.00,0.00,345910540.0000,345910540.0000,0.0000
F128184,L,216810.00,216810.00,0.00,277041986.1000,277041986.1000,0.0000
F128186,L,237850.00,237850.00,0.00,339302539.0000,339302539.0000,0.0000
F129428,L,131990.00,131990.00,0.00,191934578.4000,191934578.4000,0.0000
F129430,L,258240.00,258240.00,0.00,326965411.2000,326965411.2000,0.0000
F129431,m3,141785.00,141785.00,0.00,95280937.8500,95280937.8500,0.0000
F129432,L,961220.00,961220.00,0.00,1225430541.4000,1225430541.4000,0.0000
F129433,L,324090.00,324090.00,0.00,458269741.8000,458269741.8000,0.0000
F129504,L,186960.00,186960.00,0.00,236691360.0000,236691360.0000,0.0000
F129505,L,71260.00,71260.00,0.00,92923040.0000,92923040.0000,0.0000
F129506,L,67550.00,67550.00,0.00,100176650.0000,100176650.0000,0.0000
F129507,L,51170.00,51170.00,0.00,75578090.0000,75578090.0000,0.0000
F131162,L,54940.00,54940.00,0.00,71415407.2000,71415407.2000,0.0000
F131163,L,38050.00,38050.00,0.00,56556378.5000,56556378.5000,0.0000
F131164,L,78930.00,78930.00,0.00,122968993.5000,122968993.5000,0.0000
F131165,m3,86961.00,86961.00,0.00,44263149.0000,44263149.0000,0.0000
F131166,L,194630.00,194630.00,0.00,261286882.4000,261286882.4000,0.0000
F133774,L,45980.00,45980.00,0.00,68004420.0000,68004420.0000,0.0000
F133775,L,5220.00,5220.00,0.00,8712180.0000,8712180.0000,0.0000
F133776,L,21660.00,21660.00,0.00,36800340.0000,36800340.0000,0.0000
F133777,L,16810.00,16810.00,0.00,23180990.0000,23180990.0000,0.0000
F134021,L,91590.00,91590.00,0.00,153545139.6000,153545139.6000,0.0000
F134022,L,71720.00,71720.00,0.00,122609643.2000,122609643.2000,0.0000
F134023,L,14980.00,14980.00,0.00,22096398.8000,22096398.8000,0.0000
F134024,L,168860.00,168860.00,0.00,238798434.8000,238798434.8000,0.0000
F135603,L,9960.00,9960.00,0.00,14514907.2000,14514907.2000,0.0000
F135604,L,14560.00,14560.00,0.00,24487153.6000,24487153.6000,0.0000
F135605,L,100630.00,100630.00,0.00,141051058.4000,141051058.4000,0.0000
F135606,L,36010.00,36010.00,0.00,59587187.4000,59587187.4000,0.0000
F136107,L,219830.00,219830.00,0.00,276106480.0000,276106480.0000,0.0000
F136108,L,36190.00,36190.00,0.00,54429760.0000,54429760.0000,0.0000
F136109,m3,113310.00,113310.00,0.00,64473390.0000,64473390.0000,0.0000
F136110,L,50160.00,50160.00,0.00,64305120.0000,64305120.0000,0.0000
F136111,L,67380.00,67380.00,0.00,97364100.0000,97364100.0000,0.0000
F136781,L,150830.00,150830.00,0.00,202410843.4000,202410843.4000,0.0000
F136782,L,331360.00,331360.00,0.00,441384774.4000,441384774.4000,0.0000
F136783,L,124260.00,124260.00,0.00,184181899.8000,184181899.8000,0.0000
F136784,L,79400.00,79400.00,0.00,121876618.0000,121876618.0000,0.0000
F136785,L,3610.00,3610.00,0.00,4764586.3000,4764586.3000,0.0000
F136786,m3,137850.00,137850.00,0.00,120939940.5000,120939940.5000,0.0000
F137051,L,26530.00,26530.00,0.00,42113191.4000,42113191.4000,0.0000
F137052,L,49410.00,49410.00,0.00,67725298.8000,67725298.8000,0.0000
F137053,L,4900.00,4900.00,0.00,7710738.0000,7710738.0000,0.0000
F137054,L,45180.00,45180.00,0.00,61967532.6000,61967532.6000,0.0000
F138830,L,184480.00,184480.00,0.00,281555220.8000,281555220.8000,0.0000
F138831,L,5490.00,5490.00,0.00,8509500.0000,8509500.0000,0.0000
F138832,L,332940.00,332940.00,0.00,443372868.6000,443372868.6000,0.0000
F138833,m3,88782.20,88782.20,0.00,58507469.8000,58507469.8000,0.0000
F138834,L,47390.00,47390.00,0.00,63313987.8000,63313987.8000,0.0000
F138835,L,135650.00,135650.00,0.00,201859408.5000,201859408.5000,0.0000
F142973,m3,87214.00,87214.00,0.00,44906488.6000,44906488.6000,0.0000
F142974,L,34920.00,34920.00,0.00,51716520.0000,51716520.0000,0.0000
F142975,L,54040.00,54040.00,0.00,70360080.0000,70360080.0000,0.0000
F142976,L,55960.00,55960.00,0.00,87017800.0000,87017800.0000,0.0000
F142977,L,183360.00,183360.00,0.00,243685440.0000,243685440.0000,0.0000
F142978,L,2650.00,2650.00,0.00,3450300.0000,3450300.0000,0.0000
F144064,L,147990.00,147990.00,0.00,201327075.9000,201327075.9000,0.0000
F144065,L,54770.00,54770.00,0.00,88119453.0000,88119453.0000,0.0000
F144066,L,244850.00,244850.00,0.00,325322401.0000,325322401.0000,0.0000
F144067,L,132230.00,132230.00,0.00,198093763.0000,198093763.0000,0.0000
F144069,L,9900.00,9900.00,0.00,14193729.0000,14193729.0000,0.0000
F144070,m3,58445.90,58445.90,0.00,43834425.0000,43834425.0000,0.0000
F146954,L,197000.00,197000.00,0.00,265754970.0000,265754970.0000,0.0000
F146955,L,31100.00,31100.00,0.00,48733078.0000,48733078.0000,0.0000
F146956,L,110180.00,110180.00,0.00,149406283.6000,149406283.6000,0.0000
F146957,L,6290.00,6290.00,0.00,9642570.0000,9642570.0000,0.0000
F148006,L,77330.00,77330.00,0.00,106293951.5000,106293951.5000,0.0000
F148007,L,10420.00,10420.00,0.00,16146519.4000,16146519.4000,0.0000
F148008,L,29470.00,29470.00,0.00,45536454.6000,45536454.6000,0.0000
F148009,L,57480.00,57480.00,0.00,77298529.2000,77298529.2000,0.0000
F148221,L,116390.00,116390.00,0.00,159183111.3000,159183111.3000,0.0000
F148224,L,32040.00,32040.00,0.00,47003641.2000,47003641.2000,0.0000
F148225,L,16860.00,16860.00,0.00,28010529.6000,28010529.6000,0.0000
F148227,L,16360.00,16360.00,0.00,27474166.0000,27474166.0000,0.0000
F149233,L,4000.00,4000.00,0.00,6796000.0000,6796000.0000,0.0000
F149234,L,36000.00,36000.00,0.00,53676000.0000,53676000.0000,0.0000
F149235,L,6000.00,6000.00,0.00,10398000.0000,10398000.0000,0.0000
F149238,L,63000.00,63000.00,0.00,90594000.0000,90594000.0000,0.0000
F149335,L,226930.00,226930.00,0.00,304086200.0000,304086200.0000,0.0000
F149336,L,28540.00,28540.00,0.00,44779260.0000,44779260.0000,0.0000
F149337,L,128880.00,128880.00,0.00,177725520.0000,177725520.0000,0.0000
F149338,L,82710.00,82710.00,0.00,130764510.0000,130764510.0000,0.0000
F149917,L,307790.00,307790.00,0.00,455969339.7000,455969339.7000,0.0000
F149920,m3,97841.90,97841.90,0.00,68391488.1000,68391488.1000,0.0000
F149923,L,153330.00,153330.00,0.00,233558389.2000,233558389.2000,0.0000
F149924,L,265280.00,265280.00,0.00,352114102.4000,352114102.4000,0.0000
F149926,L,296620.00,296620.00,0.00,397295794.2000,397295794.2000,0.0000
F151188,L,279550.00,279550.00,0.00,375824224.5000,375824224.5000,0.0000
F151189,L,123740.00,123740.00,0.00,191466614.2000,191466614.2000,0.0000
F151190,m3,149836.00,149836.00,0.00,100691290.3600,100691290.3600,0.0000
F151191,L,919490.00,919490.00,0.00,1246681321.6000,1246681321.6000,0.0000
F151192,L,344080.00,344080.00,0.00,517121272.8000,517121272.8000,0.0000
F151262,L,66270.00,66270.00,0.00,103845090.0000,103845090.0000,0.0000
F151263,L,81160.00,81160.00,0.00,110945720.0000,110945720.0000,0.0000
F151264,L,197890.00,197890.00,0.00,262600030.0000,262600030.0000,0.0000
F151265,L,49800.00,49800.00,0.00,77688000.0000,77688000.0000,0.0000
F152909,L,196350.00,196350.00,0.00,279496371.0000,279496371.0000,0.0000
F152910,L,37000.00,37000.00,0.00,58610220.0000,58610220.0000,0.0000
F152911,L,77630.00,77630.00,0.00,128736157.9000,128736157.9000,0.0000
F152912,m3,80956.90,80956.90,0.00,41207062.1000,41207062.1000,0.0000
F152913,L,53340.00,53340.00,0.00,73787889.0000,73787889.0000,0.0000
F155522,L,45970.00,45970.00,0.00,70334100.0000,70334100.0000,0.0000
F155523,L,18630.00,18630.00,0.00,26994870.0000,26994870.0000,0.0000
F155524,L,23300.00,23300.00,0.00,40938100.0000,40938100.0000,0.0000
F155525,L,5950.00,5950.00,0.00,10347050.0000,10347050.0000,0.0000
F155772,L,177920.00,177920.00,0.00,263440806.4000,263440806.4000,0.0000
F155773,L,93280.00,93280.00,0.00,164541256.0000,164541256.0000,0.0000
F155774,L,13350.00,13350.00,0.00,21177505.5000,21177505.5000,0.0000
F155775,L,68910.00,68910.00,0.00,123694139.1000,123694139.1000,0.0000
F157347,L,34030.00,34030.00,0.00,58821535.6000,58821535.6000,0.0000
F157348,L,9650.00,9650.00,0.00,14722136.5000,14722136.5000,0.0000
F157349,L,14720.00,14720.00,0.00,25751904.0000,25751904.0000,0.0000
F157350,L,103040.00,103040.00,0.00,150624902.4000,150624902.4000,0.0000
F157856,L,229390.00,229390.00,0.00,305891565.0000,305891565.0000,0.0000
F157857,m3,115101.00,115101.00,0.00,65492469.0000,65492469.0000,0.0000
F157858,L,56820.00,56820.00,0.00,74424540.6000,74424540.6000,0.0000
F157859,L,32550.00,32550.00,0.00,49188583.5000,49188583.5000,0.0000
F157860,L,67090.00,67090.00,0.00,105004571.7000,105004571.7000,0.0000
F158528,L,125500.00,125500.00,0.00,176779300.0000,176779300.0000,0.0000
F158529,L,335970.00,335970.00,0.00,470741005.8000,470741005.8000,0.0000
F158530,L,118620.00,118620.00,0.00,185723334.0000,185723334.0000,0.0000
F158531,L,2500.00,2500.00,0.00,3476150.0000,3476150.0000,0.0000
F158532,L,74840.00,74840.00,0.00,121306659.2000,121306659.2000,0.0000
F158533,m3,124340.00,124340.00,0.00,109294860.0000,109294860.0000,0.0000
F158803,L,30570.00,30570.00,0.00,50652961.5000,50652961.5000,0.0000
F158804,L,7740.00,7740.00,0.00,12621772.8000,12621772.8000,0.0000
F158805,L,48360.00,48360.00,0.00,70332849.6000,70332849.6000,0.0000
F158806,L,55460.00,55460.00,0.00,77901889.0000,77901889.0000,0.0000
F160579,L,142950.00,142950.00,0.00,223059180.0000,223059180.0000,0.0000
F160580,L,52580.00,52580.00,0.00,73452682.6000,73452682.6000,0.0000
F160581,L,180930.00,180930.00,0.00,287157621.6000,287157621.6000,0.0000
F160582,L,4050.00,4050.00,0.00,6436584.0000,6436584.0000,0.0000
F160583,m3,86938.10,86938.10,0.00,58070303.8950,58070303.8950,0.0000
F160584,L,325210.00,325210.00,0.00,453531361.8000,453531361.8000,0.0000
F164705,L,33930.00,33930.00,0.00,52251521.4000,52251521.4000,0.0000
F164706,L,188400.00,188400.00,0.00,258776820.0000,258776820.0000,0.0000
F164707,m3,83081.00,83081.00,0.00,43724699.4900,43724699.4900,0.0000
F164708,L,56330.00,56330.00,0.00,75820180.0000,75820180.0000,0.0000
F164709,L,49420.00,49420.00,0.00,79816265.2000,79816265.2000,0.0000
F164710,L,1820.00,1820.00,0.00,2456545.0000,2456545.0000,0.0000
F165787,L,54210.00,54210.00,0.00,89902406.1000,89902406.1000,0.0000
F165788,m3,60544.00,60544.00,0.00,47114735.3600,47114735.3600,0.0000
F165791,L,214790.00,214790.00,0.00,315352530.1000,315352530.1000,0.0000
F165794,L,139020.00,139020.00,0.00,198877841.4000,198877841.4000,0.0000
F165795,L,6890.00,6890.00,0.00,9888734.7000,9888734.7000,0.0000
F165796,L,124970.00,124970.00,0.00,188141085.3000,188141085.3000,0.0000
F168565,L,29470.00,29470.00,0.00,46061610.0000,46061610.0000,0.0000
F168566,L,106500.00,106500.00,0.00,151450455.0000,151450455.0000,0.0000
F168567,L,183780.00,183780.00,0.00,271259280.0000,271259280.0000,0.0000
F168568,L,6300.00,6300.00,0.00,10552437.0000,10552437.0000,0.0000
F169611,L,25220.00,25220.00,0.00,41105069.2000,41105069.2000,0.0000
F169612,L,55100.00,55100.00,0.00,78532928.0000,78532928.0000,0.0000
F169613,L,13630.00,13630.00,0.00,22470145.4000,22470145.4000,0.0000
F169614,L,83090.00,83090.00,0.00,122033452.1000,122033452.1000,0.0000
F169845,L,35630.00,35630.00,0.00,54074938.4000,54074938.4000,0.0000
F169850,L,18840.00,18840.00,0.00,32426842.8000,32426842.8000,0.0000
F169855,L,113760.00,113760.00,0.00,163173931.2000,163173931.2000,0.0000
F169857,L,22380.00,22380.00,0.00,38653617.0000,38653617.0000,0.0000
F170851,L,38000.00,38000.00,0.00,60534000.0000,60534000.0000,0.0000
F170852,L,56000.00,56000.00,0.00,89936000.0000,89936000.0000,0.0000
F170855,L,2500.00,2500.00,0.00,4587500.0000,4587500.0000,0.0000
F170856,L,4000.00,4000.00,0.00,7456000.0000,7456000.0000,0.0000
F170954,L,135310.00,135310.00,0.00,225832390.0000,225832390.0000,0.0000
F170955,L,33990.00,33990.00,0.00,56151480.0000,56151480.0000,0.0000
F170956,L,254410.00,254410.00,0.00,361007790.0000,361007790.0000,0.0000
F170957,L,84940.00,84940.00,0.00,124437100.0000,124437100.0000,0.0000
F171556,L,269940.00,269940.00,0.00,418957677.6000,418957677.6000,0.0000
F171557,L,145230.00,145230.00,0.00,230783540.7000,230783540.7000,0.0000
F171560,L,236490.00,236490.00,0.00,332443452.6000,332443452.6000,0.0000
F171561,m3,99811.40,99811.40,0.00,69768168.6000,69768168.6000,0.0000
F171564,L,248320.00,248320.00,0.00,343597900.8000,343597900.8000,0.0000
F172815,L,275900.00,275900.00,0.00,391521413.0000,391521413.0000,0.0000
F172818,L,324120.00,324120.00,0.00,512482338.0000,512482338.0000,0.0000
F172819,L,122110.00,122110.00,0.00,199825688.4000,199825688.4000,0.0000
F172820,L,821820.00,821820.00,0.00,1172350884.6000,1172350884.6000,0.0000
F172822,m3,150356.00,150356.00,0.00,101040735.5600,101040735.5600,0.0000
F172892,L,73930.00,73930.00,0.00,122575940.0000,122575940.0000,0.0000
F172893,L,205010.00,205010.00,0.00,292959290.0000,292959290.0000,0.0000
F172894,L,50710.00,50710.00,0.00,84280020.0000,84280020.0000,0.0000
F172895,L,88580.00,88580.00,0.00,130301180.0000,130301180.0000,0.0000
F174551,L,54910.00,54910.00,0.00,79399860.0000,79399860.0000,0.0000
F174552,L,73950.00,73950.00,0.00,128081400.0000,128081400.0000,0.0000
F174553,L,38110.00,38110.00,0.00,63529370.0000,63529370.0000,0.0000
F174554,m3,85977.00,85977.00,0.00,47201373.0000,47201373.0000,0.0000
F174555,L,187630.00,187630.00,0.00,279568700.0000,279568700.0000,0.0000
F177160,L,41510.00,41510.00,0.00,67246200.0000,67246200.0000,0.0000
F177161,L,21950.00,21950.00,0.00,33824950.0000,33824950.0000,0.0000
F177162,L,15630.00,15630.00,0.00,28993650.0000,28993650.0000,0.0000
F177163,L,4830.00,4830.00,0.00,8887200.0000,8887200.0000,0.0000
F177408,L,168320.00,168320.00,0.00,258068224.0000,258068224.0000,0.0000
F177409,L,70410.00,70410.00,0.00,129530460.6000,129530460.6000,0.0000
F177410,L,13110.00,13110.00,0.00,21083108.7000,21083108.7000,0.0000
F177411,L,90660.00,90660.00,0.00,164716527.6000,164716527.6000,0.0000
F179017,L,98860.00,98860.00,0.00,151947820.0000,151947820.0000,0.0000
F179018,L,8750.00,8750.00,0.00,13969112.5000,13969112.5000,0.0000
F179019,L,34790.00,34790.00,0.00,63191512.3000,63191512.3000,0.0000
F179020,L,13000.00,13000.00,0.00,23812490.0000,23812490.0000,0.0000
F179534,L,55610.00,55610.00,0.00,75672419.7000,75672419.7000,0.0000
F179535,m3,115691.00,115691.00,0.00,68141999.0000,68141999.0000,0.0000
F179536,L,226440.00,226440.00,0.00,315000684.0000,315000684.0000,0.0000
F179537,L,65580.00,65580.00,0.00,102632700.0000,102632700.0000,0.0000
F179538,L,34840.00,34840.00,0.00,56770734.8000,56770734.8000,0.0000
F180193,L,125570.00,125570.00,0.00,185808440.4000,185808440.4000,0.0000
F180194,L,71000.00,71000.00,0.00,120853360.0000,120853360.0000,0.0000
F180195,L,326430.00,326430.00,0.00,477717247.8000,477717247.8000,0.0000
F180196,L,117040.00,117040.00,0.00,191895272.8000,191895272.8000,0.0000
F180197,m3,133680.00,133680.00,0.00,117504720.0000,117504720.0000,0.0000
F180198,L,2260.00,2260.00,0.00,3247620.0000,3247620.0000,0.0000
F180463,L,52450.00,52450.00,0.00,76402866.0000,76402866.0000,0.0000
F180464,L,45010.00,45010.00,0.00,68393595.2000,68393595.2000,0.0000
F180465,L,6320.00,6320.00,0.00,10621518.4000,10621518.4000,0.0000
F180466,L,20140.00,20140.00,0.00,34587630.4000,34587630.4000,0.0000
F182234,L,148590.00,148590.00,0.00,244339910.1000,244339910.1000,0.0000
F182235,L,5180.00,5180.00,0.00,8193465.0000,8193465.0000,0.0000
F182236,L,321640.00,321640.00,0.00,471720440.4000,471720440.4000,0.0000
F182237,L,177190.00,177190.00,0.00,299350101.7000,299350101.7000,0.0000
F182238,m3,87834.60,87834.60,0.00,58761347.4000,58761347.4000,0.0000
F182239,L,57770.00,57770.00,0.00,84453385.3000,84453385.3000,0.0000
F186371,m3,84867.00,84867.00,0.00,47084211.6000,47084211.6000,0.0000
F186372,L,186930.00,186930.00,0.00,266091116.4000,266091116.4000,0.0000
F186373,L,48840.00,48840.00,0.00,81816279.6000,81816279.6000,0.0000
F186374,L,34590.00,34590.00,0.00,55469215.8000,55469215.8000,0.0000
F186375,L,1610.00,1610.00,0.00,2255851.5000,2255851.5000,0.0000
F186376,L,56180.00,56180.00,0.00,78523347.8000,78523347.8000,0.0000
F187455,L,48780.00,48780.00,0.00,84753298.8000,84753298.8000,0.0000
F187456,L,196870.00,196870.00,0.00,302943556.0000,302943556.0000,0.0000
F187458,L,125420.00,125420.00,0.00,201063310.4000,201063310.4000,0.0000
F187459,L,3730.00,3730.00,0.00,5599998.2000,5599998.2000,0.0000
F187460,m3,55984.00,55984.00,0.00,44731216.0000,44731216.0000,0.0000
F187461,L,144980.00,144980.00,0.00,217868695.0000,217868695.0000,0.0000
F190337,L,29080.00,29080.00,0.00,50395640.0000,50395640.0000,0.0000
F190338,L,4850.00,4850.00,0.00,8545700.0000,8545700.0000,0.0000
F190339,L,101610.00,101610.00,0.00,152316438.3000,152316438.3000,0.0000
F190340,L,157050.00,157050.00,0.00,237773700.0000,237773700.0000,0.0000
F191394,L,13340.00,13340.00,0.00,23467061.0000,23467061.0000,0.0000
F191395,m3,33746.90,33746.90,0.00,26322582.0000,26322582.0000,0.0000
F191396,L,22880.00,22880.00,0.00,38990952.0000,38990952.0000,0.0000
F191397,L,63290.00,63290.00,0.00,94703358.6000,94703358.6000,0.0000
F191398,L,101150.00,101150.00,0.00,155725482.5000,155725482.5000,0.0000
F191628,L,111360.00,111360.00,0.00,168878553.6000,168878553.6000,0.0000
F191631,L,21850.00,21850.00,0.00,39059278.5000,39059278.5000,0.0000
F191634,L,37690.00,37690.00,0.00,60024717.1000,60024717.1000,0.0000
F191641,L,17610.00,17610.00,0.00,31349322.0000,31349322.0000,0.0000
F192641,L,6000.00,6000.00,0.00,11052000.0000,11052000.0000,0.0000
F192642,L,36000.00,36000.00,0.00,57960000.0000,57960000.0000,0.0000
F192643,L,3700.00,3700.00,0.00,6759900.0000,6759900.0000,0.0000
F192645,L,102900.00,102900.00,0.00,157951500.0000,157951500.0000,0.0000
F192780,L,78360.00,78360.00,0.00,118323600.0000,118323600.0000,0.0000
F192781,L,27810.00,27810.00,0.00,47499480.0000,47499480.0000,0.0000
F192782,L,129910.00,129910.00,0.00,223964840.0000,223964840.0000,0.0000
F192783,L,228350.00,228350.00,0.00,340469850.0000,340469850.0000,0.0000
F193338,m3,94634.70,94634.70,0.00,66149655.3000,66149655.3000,0.0000
F193342,L,230370.00,230370.00,0.00,336701880.9000,336701880.9000,0.0000
F193345,L,284350.00,284350.00,0.00,461616633.5000,461616633.5000,0.0000
F193346,L,280020.00,280020.00,0.00,413054701.8000,413054701.8000,0.0000
F193347,L,130360.00,130360.00,0.00,218874440.0000,218874440.0000,0.0000
F194620,L,120110.00,120110.00,0.00,204429622.2000,204429622.2000,0.0000
F194621,L,648970.00,648970.00,0.00,971456172.4000,971456172.4000,0.0000
F194623,m3,150744.00,150744.00,0.00,101302982.8800,101302982.8800,0.0000
F194625,L,278790.00,278790.00,0.00,415726072.2000,415726072.2000,0.0000
F194626,L,292370.00,292370.00,0.00,485120769.9000,485120769.9000,0.0000
F194696,L,77040.00,77040.00,0.00,116946720.0000,116946720.0000,0.0000
F194697,L,47120.00,47120.00,0.00,80480960.0000,80480960.0000,0.0000
F194698,L,70140.00,70140.00,0.00,121272060.0000,121272060.0000,0.0000
F194699,L,194840.00,194840.00,0.00,288558040.0000,288558040.0000,0.0000
F196360,L,198730.00,198730.00,0.00,303063250.0000,303063250.0000,0.0000
F196361,L,70050.00,70050.00,0.00,124268700.0000,124268700.0000,0.0000
F196362,L,38810.00,38810.00,0.00,66054620.0000,66054620.0000,0.0000
F196363,L,56990.00,56990.00,0.00,84858110.0000,84858110.0000,0.0000
F196364,m3,89001.00,89001.00,0.00,48861549.0000,48861549.0000,0.0000
F198964,L,24530.00,24530.00,0.00,38830990.0000,38830990.0000,0.0000
F198965,L,36410.00,36410.00,0.00,60404190.0000,60404190.0000,0.0000
F198966,L,5880.00,5880.00,0.00,11136720.0000,11136720.0000,0.0000
F198967,L,15650.00,15650.00,0.00,30235800.0000,30235800.0000,0.0000
F199212,L,13510.00,13510.00,0.00,22162614.6000,22162614.6000,0.0000
F199213,L,173690.00,173690.00,0.00,271798796.5000,271798796.5000,0.0000
F199214,L,96450.00,96450.00,0.00,179177094.0000,179177094.0000,0.0000
F199215,L,63250.00,63250.00,0.00,118643085.0000,118643085.0000,0.0000
F200819,L,35380.00,35380.00,0.00,65836519.2000,65836519.2000,0.0000
F200820,L,14860.00,14860.00,0.00,27941555.2000,27941555.2000,0.0000
F200821,L,107870.00,107870.00,0.00,170173554.6000,170173554.6000,0.0000
F200822,L,8490.00,8490.00,0.00,13834285.2000,13834285.2000,0.0000
F201333,m3,115961.00,115961.00,0.00,68301029.0000,68301029.0000,0.0000
F201334,L,35380.00,35380.00,0.00,56749520.0000,56749520.0000,0.0000
F201335,L,67460.00,67460.00,0.00,113062960.0000,113062960.0000,0.0000
F201336,L,251320.00,251320.00,0.00,359387600.0000,359387600.0000,0.0000
F201337,L,50410.00,50410.00,0.00,70372360.0000,70372360.0000,0.0000
F202006,L,73310.00,73310.00,0.00,129438335.3000,129438335.3000,0.0000
F202007,L,127920.00,127920.00,0.00,196043796.0000,196043796.0000,0.0000
F202008,m3,136950.00,136950.00,0.00,120379050.0000,120379050.0000,0.0000
F202009,L,352380.00,352380.00,0.00,530176852.8000,530176852.8000,0.0000
F202010,L,143060.00,143060.00,0.00,242648357.8000,242648357.8000,0.0000
F202011,L,1600.00,1600.00,0.00,2356800.0000,2356800.0000,0.0000
F202274,L,19840.00,19840.00,0.00,34698176.0000,34698176.0000,0.0000
F202275,L,45790.00,45790.00,0.00,71042269.2000,71042269.2000,0.0000
F202276,L,57750.00,57750.00,0.00,87890880.0000,87890880.0000,0.0000
F202277,L,6120.00,6120.00,0.00,10550880.0000,10550880.0000,0.0000
F204031,L,344940.00,344940.00,0.00,523394709.0000,523394709.0000,0.0000
F204032,L,189700.00,189700.00,0.00,331441943.0000,331441943.0000,0.0000
F204033,m3,96310.40,96310.40,0.00,64431657.6000,64431657.6000,0.0000
F204034,L,157860.00,157860.00,0.00,268114159.8000,268114159.8000,0.0000
F204035,L,49010.00,49010.00,0.00,74326605.6000,74326605.6000,0.0000
F204036,L,3880.00,3880.00,0.00,6208000.0000,6208000.0000,0.0000
F208163,L,202560.00,202560.00,0.00,298532928.0000,298532928.0000,0.0000
F208164,L,47900.00,47900.00,0.00,82806167.0000,82806167.0000,0.0000
F208165,m3,86820.00,86820.00,0.00,49400580.0000,49400580.0000,0.0000
F208166,L,1210.00,1210.00,0.00,1741613.5000,1741613.5000,0.0000
F208167,L,52830.00,52830.00,0.00,76321916.1000,76321916.1000,0.0000
F208168,L,34730.00,34730.00,0.00,57782037.5000,57782037.5000,0.0000
F209245,L,208910.00,208910.00,0.00,333171757.1000,333171757.1000,0.0000
F209247,L,51240.00,51240.00,0.00,92040362.4000,92040362.4000,0.0000
F209249,L,135420.00,135420.00,0.00,231254025.6000,231254025.6000,0.0000
F209250,m3,59503.00,59503.00,0.00,47542897.0000,47542897.0000,0.0000
F209252,L,158110.00,158110.00,0.00,247293526.6000,247293526.6000,0.0000
F209253,L,2830.00,2830.00,0.00,4463985.4000,4463985.4000,0.0000
F212095,L,98190.00,98190.00,0.00,149739750.0000,149739750.0000,0.0000
F212096,L,5160.00,5160.00,0.00,9195120.0000,9195120.0000,0.0000
F212097,L,146970.00,146970.00,0.00,228979260.0000,228979260.0000,0.0000
F212098,L,29150.00,29150.00,0.00,51799550.0000,51799550.0000,0.0000
F213135,L,23890.00,23890.00,0.00,42254243.0000,42254243.0000,0.0000
F213136,m3,46914.80,46914.80,0.00,36593544.0000,36593544.0000,0.0000
F213137,L,98600.00,98600.00,0.00,157283762.0000,157283762.0000,0.0000
F213138,L,12990.00,12990.00,0.00,23785469.4000,23785469.4000,0.0000
F213139,L,70900.00,70900.00,0.00,110133224.0000,110133224.0000,0.0000
F213365,L,36970.00,36970.00,0.00,63048638.0000,63048638.0000,0.0000
F213369,L,113330.00,113330.00,0.00,179344725.0000,179344725.0000,0.0000
F213371,L,16450.00,16450.00,0.00,30872373.0000,30872373.0000,0.0000
F213372,L,22980.00,22980.00,0.00,44373690.6000,44373690.6000,0.0000
F214377,L,6000.00,6000.00,0.00,11292000.0000,11292000.0000,0.0000
F214378,L,24000.00,24000.00,0.00,39552000.0000,39552000.0000,0.0000
F214379,L,107900.00,107900.00,0.00,169510900.0000,169510900.0000,0.0000
F214380,L,6000.00,6000.00,0.00,11328000.0000,11328000.0000,0.0000
F214483,L,86650.00,86650.00,0.00,154237000.0000,154237000.0000,0.0000
F214484,L,29160.00,29160.00,0.00,50796720.0000,50796720.0000,0.0000
F214485,L,253110.00,253110.00,0.00,385739640.0000,385739640.0000,0.0000
F214486,L,165450.00,165450.00,0.00,256447500.0000,256447500.0000,0.0000
F215081,m3,99904.50,99904.50,0.00,69833245.5000,69833245.5000,0.0000
F215084,L,145860.00,145860.00,0.00,248975727.0000,248975727.0000,0.0000
F215086,L,259400.00,259400.00,0.00,380630590.0000,380630590.0000,0.0000
F215087,L,295880.00,295880.00,0.00,433505623.2000,433505623.2000,0.0000
F215090,L,302130.00,302130.00,0.00,502242784.2000,502242784.2000,0.0000
F216344,L,125110.00,125110.00,0.00,221369634.0000,221369634.0000,0.0000
F216345,L,296060.00,296060.00,0.00,507020513.6000,507020513.6000,0.0000
F216346,L,292510.00,292510.00,0.00,453446076.9000,453446076.9000,0.0000
F216349,L,708930.00,708930.00,0.00,1086803868.6000,1086803868.6000,0.0000
F216351,m3,146809.00,146809.00,0.00,98655648.0000,98655648.0000,0.0000
F216421,L,50630.00,50630.00,0.00,89007540.0000,89007540.0000,0.0000
F216422,L,71980.00,71980.00,0.00,127548560.0000,127548560.0000,0.0000
F216423,L,80210.00,80210.00,0.00,126009910.0000,126009910.0000,0.0000
F216424,L,208930.00,208930.00,0.00,319662900.0000,319662900.0000,0.0000
F218090,L,50100.00,50100.00,0.00,83917500.0000,83917500.0000,0.0000
F218091,L,38650.00,38650.00,0.00,71193300.0000,71193300.0000,0.0000
F218092,L,176850.00,176850.00,0.00,296400600.0000,296400600.0000,0.0000
F218093,L,79390.00,79390.00,0.00,153143310.0000,153143310.0000,0.0000
F218094,m3,82619.00,82619.00,0.00,45357831.0000,45357831.0000,0.0000
F220706,L,5590.00,5590.00,0.00,10878140.0000,10878140.0000,0.0000
F220707,L,20200.00,20200.00,0.00,33633000.0000,33633000.0000,0.0000
F220708,L,35460.00,35460.00,0.00,61771320.0000,61771320.0000,0.0000
F220709,L,18950.00,18950.00,0.00,38165300.0000,38165300.0000,0.0000
F220942,L,84970.00,84970.00,0.00,166577737.1000,166577737.1000,0.0000
F220943,L,164160.00,164160.00,0.00,272354572.8000,272354572.8000,0.0000
F220944,L,62630.00,62630.00,0.00,122963984.2000,122963984.2000,0.0000
F220945,L,11990.00,11990.00,0.00,20404462.1000,20404462.1000,0.0000
F222534,L,114290.00,114290.00,0.00,190181988.7000,190181988.7000,0.0000
F222535,L,33120.00,33120.00,0.00,63749376.0000,63749376.0000,0.0000
F222536,L,8190.00,8190.00,0.00,13983032.7000,13983032.7000,0.0000
F222537,L,14770.00,14770.00,0.00,28834437.1000,28834437.1000,0.0000
F223049,m3,120194.00,120194.00,0.00,71996206.0000,71996206.0000,0.0000
F223050,L,66890.00,66890.00,0.00,113913670.0000,113913670.0000,0.0000
F223051,L,37100.00,37100.00,0.00,60732700.0000,60732700.0000,0.0000
F223052,L,50620.00,50620.00,0.00,76183100.0000,76183100.0000,0.0000
F223053,L,219050.00,219050.00,0.00,353327650.0000,353327650.0000,0.0000
F223718,L,141040.00,141040.00,0.00,229463617.6000,229463617.6000,0.0000
F223719,L,327020.00,327020.00,0.00,517469907.6000,517469907.6000,0.0000
F223720,L,129060.00,129060.00,0.00,229060850.4000,229060850.4000,0.0000
F223721,L,1710.00,1710.00,0.00,2518830.0000,2518830.0000,0.0000
F223722,L,76070.00,76070.00,0.00,138689302.6000,138689302.6000,0.0000
F223723,m3,126960.00,126960.00,0.00,111597840.0000,111597840.0000,0.0000
F223989,L,56310.00,56310.00,0.00,90593780.4000,90593780.4000,0.0000
F223990,L,48490.00,48490.00,0.00,79356309.5000,79356309.5000,0.0000
F223991,L,5740.00,5740.00,0.00,10470391.4000,10470391.4000,0.0000
F223992,L,20890.00,20890.00,0.00,38346310.7000,38346310.7000,0.0000
F225767,L,162130.00,162130.00,0.00,288205530.6000,288205530.6000,0.0000
F225768,L,19840.00,19840.00,0.00,31447590.4000,31447590.4000,0.0000
F225769,L,183070.00,183070.00,0.00,335226799.8000,335226799.8000,0.0000
F225770,L,325000.00,325000.00,0.00,524442750.0000,524442750.0000,0.0000
F225771,m3,91813.90,91813.90,0.00,61909194.6310,61909194.6310,0.0000
F225772,L,3790.00,3790.00,0.00,6131803.1000,6131803.1000,0.0000
F229896,L,181270.00,181270.00,0.00,291121432.7000,291121432.7000,0.0000
F229897,L,52110.00,52110.00,0.00,82230622.2000,82230622.2000,0.0000
F229898,L,34310.00,34310.00,0.00,60755461.8000,60755461.8000,0.0000
F229899,m3,83027.00,83027.00,0.00,47242363.0000,47242363.0000,0.0000
F229900,L,46600.00,46600.00,0.00,86448126.0000,86448126.0000,0.0000
F229901,L,1290.00,1290.00,0.00,2018733.9000,2018733.9000,0.0000
F230977,L,116060.00,116060.00,0.00,194819476.6000,194819476.6000,0.0000
F230978,L,2560.00,2560.00,0.00,4185344.0000,4185344.0000,0.0000
F230981,L,48520.00,48520.00,0.00,90433516.8000,90433516.8000,0.0000
F230984,L,221740.00,221740.00,0.00,372527634.8000,372527634.8000,0.0000
F230985,L,143400.00,143400.00,0.00,236122440.0000,236122440.0000,0.0000
F230986,m3,52950.00,52950.00,0.00,42307050.0000,42307050.0000,0.0000
F233803,L,24720.00,24720.00,0.00,48104625.6000,48104625.6000,0.0000
F233804,L,98150.00,98150.00,0.00,164401250.0000,164401250.0000,0.0000
F233805,L,4280.00,4280.00,0.00,8025171.2000,8025171.2000,0.0000
F233806,L,141560.00,141560.00,0.00,236263640.0000,236263640.0000,0.0000
F234848,L,69180.00,69180.00,0.00,113774811.6000,113774811.6000,0.0000
F234849,m3,46144.00,46144.00,0.00,36154746.8800,36154746.8800,0.0000
F234850,L,12400.00,12400.00,0.00,23824988.0000,23824988.0000,0.0000
F234851,L,21350.00,21350.00,0.00,39760532.0000,39760532.0000,0.0000
F234852,L,88310.00,88310.00,0.00,148116181.3000,148116181.3000,0.0000
F235087,L,15360.00,15360.00,0.00,29783347.2000,29783347.2000,0.0000
F235092,L,28010.00,28010.00,0.00,50370663.1000,50370663.1000,0.0000
F235095,L,21390.00,21390.00,0.00,42576153.3000,42576153.3000,0.0000
F235100,L,109920.00,109920.00,0.00,181155854.4000,181155854.4000,0.0000
F236100,L,107900.00,107900.00,0.00,184940600.0000,184940600.0000,0.0000
F236101,L,30000.00,30000.00,0.00,53040000.0000,53040000.0000,0.0000
F236103,L,4200.00,4200.00,0.00,8379000.0000,8379000.0000,0.0000
F236105,L,6000.00,6000.00,0.00,11994000.0000,11994000.0000,0.0000
F236202,L,29730.00,29730.00,0.00,56278890.0000,56278890.0000,0.0000
F236203,L,81050.00,81050.00,0.00,154238150.0000,154238150.0000,0.0000
F236204,L,242910.00,242910.00,0.00,414890280.0000,414890280.0000,0.0000
F236205,L,143860.00,143860.00,0.00,249597100.0000,249597100.0000,0.0000
F236805,L,256810.00,256810.00,0.00,426905535.4000,426905535.4000,0.0000
F236807,L,123970.00,123970.00,0.00,219426900.0000,219426900.0000,0.0000
F236808,L,251500.00,251500.00,0.00,368482710.0000,368482710.0000,0.0000
F236812,L,220490.00,220490.00,0.00,323536001.5000,323536001.5000,0.0000
F236813,m3,84918.80,84918.80,0.00,59358241.2000,59358241.2000,0.0000
F238070,L,681630.00,681630.00,0.00,1123919258.1000,1123919258.1000,0.0000
F238071,L,290750.00,290750.00,0.00,476620660.0000,476620660.0000,0.0000
F238072,L,277410.00,277410.00,0.00,496372487.1000,496372487.1000,0.0000
F238073,m3,150234.00,150234.00,0.00,101098467.9600,101098467.9600,0.0000
F238075,L,122360.00,122360.00,0.00,226236298.4000,226236298.4000,0.0000
F238146,L,192190.00,192190.00,0.00,320572920.0000,320572920.0000,0.0000
F238147,L,47360.00,47360.00,0.00,89084160.0000,89084160.0000,0.0000
F238148,L,65930.00,65930.00,0.00,124343980.0000,124343980.0000,0.0000
F238149,L,76330.00,76330.00,0.00,128768710.0000,128768710.0000,0.0000
F239801,L,45140.00,45140.00,0.00,76274863.6000,76274863.6000,0.0000
F239802,L,37930.00,37930.00,0.00,71745353.6000,71745353.6000,0.0000
F239803,m3,85487.00,85487.00,0.00,51206713.0000,51206713.0000,0.0000
F239804,L,82810.00,82810.00,0.00,157587430.0000,157587430.0000,0.0000
F239805,L,181340.00,181340.00,0.00,306464600.0000,306464600.0000,0.0000
F242413,L,14960.00,14960.00,0.00,32418320.0000,32418320.0000,0.0000
F242414,L,27460.00,27460.00,0.00,52311300.0000,52311300.0000,0.0000
F242415,L,5940.00,5940.00,0.00,12396780.0000,12396780.0000,0.0000
F242416,L,15760.00,15760.00,0.00,28210400.0000,28210400.0000,0.0000
F242649,L,10720.00,10720.00,0.00,19125873.6000,19125873.6000,0.0000
F242650,L,88430.00,88430.00,0.00,180938391.6000,180938391.6000,0.0000
F242651,L,58950.00,58950.00,0.00,119969734.5000,119969734.5000,0.0000
F242652,L,154930.00,154930.00,0.00,273688492.9000,273688492.9000,0.0000
F244241,L,106660.00,106660.00,0.00,193697759.8000,193697759.8000,0.0000
F244242,L,7210.00,7210.00,0.00,13318239.9000,13318239.9000,0.0000
F244243,L,15870.00,15870.00,0.00,32685058.5000,32685058.5000,0.0000
F244244,L,35160.00,35160.00,0.00,72101908.8000,72101908.8000,0.0000
F244750,L,35250.00,35250.00,0.00,56823000.0000,56823000.0000,0.0000
F244751,L,79320.00,79320.00,0.00,144600360.0000,144600360.0000,0.0000
F244752,L,222540.00,222540.00,0.00,364297980.0000,364297980.0000,0.0000
F244753,m3,128.84,128.84,0.00,77175.1600,77175.1600,0.0000
F244754,L,35250.00,35250.00,0.00,64754250.0000,64754250.0000,0.0000
F245427,L,159390.00,159390.00,0.00,299178217.8000,299178217.8000,0.0000
F245428,L,125920.00,125920.00,0.00,216260044.8000,216260044.8000,0.0000
F245429,L,1220.00,1220.00,0.00,1797060.0000,1797060.0000,0.0000
F245430,L,84540.00,84540.00,0.00,157574951.4000,157574951.4000,0.0000
F245431,m3,128590.00,128590.00,0.00,113030610.0000,113030610.0000,0.0000
F245432,L,372700.00,372700.00,0.00,617608624.0000,617608624.0000,0.0000
F245707,L,5520.00,5520.00,0.00,10564176.0000,10564176.0000,0.0000
F245708,L,51510.00,51510.00,0.00,91866539.7000,91866539.7000,0.0000
F245709,L,42050.00,42050.00,0.00,73993703.0000,73993703.0000,0.0000
F245710,L,21440.00,21440.00,0.00,41214326.4000,41214326.4000,0.0000
F247486,L,151090.00,151090.00,0.00,282060855.6000,282060855.6000,0.0000
F247487,L,56560.00,56560.00,0.00,96609570.4000,96609570.4000,0.0000
F247488,m3,94697.60,94697.60,0.00,67651965.4400,67651965.4400,0.0000
F247489,L,206400.00,206400.00,0.00,390015504.0000,390015504.0000,0.0000
F247490,L,361620.00,361620.00,0.00,609271840.8000,609271840.8000,0.0000
F247491,L,3100.00,3100.00,0.00,5580000.0000,5580000.0000,0.0000
F251645,L,53690.00,53690.00,0.00,63000919.8000,63000919.8000,0.0000
F251646,m3,85174.00,85174.00,0.00,40709765.0400,40709765.0400,0.0000
F251647,L,37890.00,37890.00,0.00,50317920.0000,50317920.0000,0.0000
F251648,L,54460.00,54460.00,0.00,71694956.2000,71694956.2000,0.0000
F251649,L,86000,86000,0,92020000.00,92020000.00,0.00
F251650,L,208140.00,208140.00,0.00,232411205.4000,232411205.4000,0.0000
F252724,L,130720.00,130720.00,0.00,239479040.0000,239479040.0000,0.0000
F252725,m3,56325.00,56325.00,0.00,45003675.0000,45003675.0000,0.0000
F252727,L,2710.00,2710.00,0.00,4503884.5000,4503884.5000,0.0000
F252728,L,166350.00,166350.00,0.00,276062815.5000,276062815.5000,0.0000
F252732,L,246770.00,246770.00,0.00,438678093.6000,438678093.6000,0.0000
F252733,L,58250.00,58250.00,0.00,109541455.0000,109541455.0000,0.0000
F255497,L,25520.00,25520.00,0.00,49764000.0000,49764000.0000,0.0000
F255498,L,111030.00,111030.00,0.00,188417910.0000,188417910.0000,0.0000
F255499,L,124070.00,124070.00,0.00,216254010.0000,216254010.0000,0.0000
F255500,L,5270.00,5270.00,0.00,10308120.0000,10308120.0000,0.0000
F256551,m3,44849.80,44849.80,0.00,36597436.8000,36597436.8000,0.0000
F256552,L,23250.00,23250.00,0.00,45411667.5000,45411667.5000,0.0000
F256553,L,82280.00,82280.00,0.00,141977431.2000,141977431.2000,0.0000
F256554,L,14850.00,14850.00,0.00,29350728.0000,29350728.0000,0.0000
F256555,L,84320.00,84320.00,0.00,148513659.2000,148513659.2000,0.0000
F256780,L,11910.00,11910.00,0.00,24460043.4000,24460043.4000,0.0000
F256783,L,130520.00,130520.00,0.00,227278391.6000,227278391.6000,0.0000
F256786,L,17170.00,17170.00,0.00,35825720.1000,35825720.1000,0.0000
F256787,L,28650.00,28650.00,0.00,54119563.5000,54119563.5000,0.0000
F257803,L,139700.00,139700.00,0.00,251180600.0000,251180600.0000,0.0000
F257805,L,6000.00,6000.00,0.00,12378000.0000,12378000.0000,0.0000
F257807,L,3800.00,3800.00,0.00,7782400.0000,7782400.0000,0.0000
F257808,L,37000.00,37000.00,0.00,68524000.0000,68524000.0000,0.0000
F257906,L,807860.00,807860.00,0.00,1564016960.0000,1564016960.0000,0.0000
F257907,L,107880.00,107880.00,0.00,191594880.0000,191594880.0000,0.0000
F257908,L,32230.00,32230.00,0.00,60979160.0000,60979160.0000,0.0000
F257909,L,252170.00,252170.00,0.00,434236740.0000,434236740.0000,0.0000
F258484,L,252890.00,252890.00,0.00,441935390.6000,441935390.6000,0.0000
F258485,L,274010.00,274010.00,0.00,450716308.9000,450716308.9000,0.0000
F258486,L,262890.00,262890.00,0.00,488362866.3000,488362866.3000,0.0000
F258488,L,160380.00,160380.00,0.00,297641223.0000,297641223.0000,0.0000
F258489,m3,94940.60,94940.60,0.00,66363479.4000,66363479.4000,0.0000
F259745,L,268330.00,268330.00,0.00,503175099.3000,503175099.3000,0.0000
F259747,L,307490.00,307490.00,0.00,528111000.1000,528111000.1000,0.0000
F259749,L,645720.00,645720.00,0.00,1138501218.0000,1138501218.0000,0.0000
F259751,m3,157238.00,157238.00,0.00,107035051.3600,107035051.3600,0.0000
F259752,L,132260.00,132260.00,0.00,255060764.8000,255060764.8000,0.0000
F259821,L,74830.00,74830.00,0.00,130653180.0000,130653180.0000,0.0000
F259822,L,207170.00,207170.00,0.00,348667110.0000,348667110.0000,0.0000
F259823,L,72480.00,72480.00,0.00,138799200.0000,138799200.0000,0.0000
F259824,L,54970.00,54970.00,0.00,103893300.0000,103893300.0000,0.0000
