id_detalle,id_pedido,id_producto,id_fuente,cantidad,precio_unitario_ars,origen
D0000001,V000169,P001,F000285,65939.00,483.91,simulado_con_referencia_minorista
D0000002,V000169,P005,F000286,175670.00,1178.86,simulado_con_referencia_minorista
D0000003,V000169,P006,F000287,65840.00,1443.84,simulado_con_referencia_minorista
D0000004,V000169,P003,F000288,35010.00,1410.54,simulado_con_referencia_minorista
D0000005,V000169,P002,F000289,57730.00,1166.35,simulado_con_referencia_minorista
D0000006,V000205,P006,F002825,9380.00,1546.00,simulado_con_referencia_minorista
D0000007,V000205,P003,F002826,37390.00,1594.00,simulado_con_referencia_minorista
D0000008,V000205,P002,F002827,35410.00,1291.47,simulado_con_referencia_minorista
D0000009,V000205,P007,F002828,27160.00,1229.00,simulado_con_referencia_minorista
D0000010,V000013,P003,F003081,52260.00,1562.00,simulado_con_referencia_minorista
D0000011,V000013,P007,F003082,172990.00,1251.00,simulado_con_referencia_minorista
D0000012,V000013,P006,F003083,83450.00,1528.00,simulado_con_referencia_minorista
D0000013,V000013,P002,F003084,16450.00,1299.00,simulado_con_referencia_minorista
D0000014,V000145,P002,F004701,12880.00,1311.03,simulado_con_referencia_minorista
D0000015,V000145,P006,F004702,37180.00,1526.90,simulado_con_referencia_minorista
D0000016,V000145,P007,F004703,127790.00,1252.16,simulado_con_referencia_minorista
D0000017,V000145,P003,F004704,17970.00,1560.84,simulado_con_referencia_minorista
D0000018,V000109,P003,F005215,32520.00,1395.00,simulado_con_referencia_minorista
D0000019,V000109,P001,F005216,100647.00,539.00,simulado_con_referencia_minorista
D0000020,V000109,P002,F005217,38000.00,1150.00,simulado_con_referencia_minorista
D0000021,V000109,P006,F005218,53600.00,1426.08,simulado_con_referencia_minorista
D0000022,V000109,P007,F005219,192710.00,1164.13,simulado_con_referencia_minorista
D0000023,V000061,P002,F005875,108030.00,1235.85,simulado_con_referencia_minorista
D0000024,V000061,P007,F005876,324720.00,1220.58,simulado_con_referencia_minorista
D0000025,V000061,P003,F005877,108840.00,1442.73,simulado_con_referencia_minorista
D0000026,V000061,P005,F005878,79880.00,1464.30,simulado_con_referencia_minorista
D0000027,V000061,P004,F005879,1570.00,1231.91,simulado_con_referencia_minorista
D0000028,V000061,P001,F005880,138800.00,799.00,simulado_con_referencia_minorista
D0000029,V000085,P006,F006134,8040.00,1454.00,simulado_con_referencia_minorista
D0000030,V000085,P002,F006135,49680.00,1195.00,simulado_con_referencia_minorista
D0000031,V000085,P003,F006136,17040.00,1490.00,simulado_con_referencia_minorista
D0000032,V000085,P007,F006137,60880.00,1165.00,simulado_con_referencia_minorista
D0000033,V000001,P004,F007910,4190.00,1388.15,simulado_con_referencia_minorista
D0000034,V000001,P003,F007911,113730.00,1447.77,simulado_con_referencia_minorista
D0000035,V000001,P002,F007912,55660.00,1225.25,simulado_con_referencia_minorista
D0000036,V000001,P001,F007913,78739.70,639.00,simulado_con_referencia_minorista
D0000037,V000001,P007,F007914,308130.00,1215.83,simulado_con_referencia_minorista
D0000038,V000001,P006,F007917,172920.00,1461.66,simulado_con_referencia_minorista
D0000039,V000157,P003,F012063,30250.00,1424.04,simulado_con_referencia_minorista
D0000040,V000157,P002,F012064,46520.00,1177.27,simulado_con_referencia_minorista
D0000041,V000157,P001,F012065,81548.00,493.49,simulado_con_referencia_minorista
D0000042,V000157,P004,F012066,1370.00,1177.92,simulado_con_referencia_minorista
D0000043,V000157,P006,F012067,43040.00,1469.42,simulado_con_referencia_minorista
D0000044,V000157,P007,F012068,166490.00,1194.48,simulado_con_referencia_minorista
D0000045,V000193,P004,F013157,2510.00,1216.68,simulado_con_referencia_minorista
D0000046,V000193,P007,F013158,133040.00,1220.15,simulado_con_referencia_minorista
D0000047,V000193,P002,F013159,189130.00,1250.67,simulado_con_referencia_minorista
D0000048,V000193,P006,F013160,47790.00,1468.48,simulado_con_referencia_minorista
D0000049,V000193,P003,F013162,113540.00,1448.50,simulado_con_referencia_minorista
D0000050,V000193,P001,F013164,57789.00,698.90,simulado_con_referencia_minorista
D0000051,V000025,P007,F016145,125520.00,1226.00,simulado_con_referencia_minorista
D0000052,V000025,P006,F016146,56360.00,1474.00,simulado_con_referencia_minorista
D0000053,V000025,P002,F016147,103640.00,1246.00,simulado_con_referencia_minorista
D0000054,V000025,P003,F016148,143620.00,1531.00,simulado_con_referencia_minorista
D0000055,V000181,P002,F017196,82100.00,1273.91,simulado_con_referencia_minorista
D0000056,V000181,P006,F017197,13490.00,1461.11,simulado_con_referencia_minorista
D0000057,V000181,P007,F017198,65760.00,1215.63,simulado_con_referencia_minorista
D0000058,V000181,P003,F017199,18410.00,1499.83,simulado_con_referencia_minorista
D0000059,V000037,P007,F017437,208830.00,1224.06,simulado_con_referencia_minorista
D0000060,V000037,P002,F017439,41930.00,1336.96,simulado_con_referencia_minorista
D0000061,V000037,P006,F017440,28710.00,1532.16,simulado_con_referencia_minorista
D0000062,V000037,P003,F017441,19740.00,1594.80,simulado_con_referencia_minorista
D0000063,V000097,P006,F018449,6150.00,1541.00,simulado_con_referencia_minorista
D0000064,V000097,P003,F018454,4330.00,1541.00,simulado_con_referencia_minorista
D0000065,V000097,P007,F018456,33250.00,1262.00,simulado_con_referencia_minorista
D0000066,V000097,P002,F018457,55330.00,1315.00,simulado_con_referencia_minorista
D0000067,V000073,P002,F018552,107350.00,1246.00,simulado_con_referencia_minorista
D0000068,V000073,P003,F018553,68270.00,1495.00,simulado_con_referencia_minorista
D0000069,V000073,P006,F018554,24670.00,1464.00,simulado_con_referencia_minorista
D0000070,V000073,P007,F018555,219730.00,1204.00,simulado_con_referencia_minorista
D0000071,V000121,P002,F019145,253520.00,1236.29,simulado_con_referencia_minorista
D0000072,V000121,P007,F019146,287410.00,1214.31,simulado_con_referencia_minorista
D0000073,V000121,P006,F019148,156950.00,1446.33,simulado_con_referencia_minorista
D0000074,V000121,P003,F019149,246100.00,1441.56,simulado_con_referencia_minorista
D0000075,V000121,P001,F019150,104981.00,678.74,simulado_con_referencia_minorista
D0000076,V000133,P007,F020381,276270.00,1203.25,simulado_con_referencia_minorista
D0000077,V000133,P006,F020382,118470.00,1443.58,simulado_con_referencia_minorista
D0000078,V000133,P004,F020383,163290.00,620.81,simulado_con_referencia_minorista
D0000079,V000133,P002,F020384,789870.00,1219.72,simulado_con_referencia_minorista
D0000080,V000049,P002,F020458,76750.00,1246.00,simulado_con_referencia_minorista
D0000081,V000049,P003,F020459,73700.00,1495.00,simulado_con_referencia_minorista
D0000082,V000049,P006,F020460,48790.00,1464.00,simulado_con_referencia_minorista
D0000083,V000049,P007,F020461,187750.00,1204.00,simulado_con_referencia_minorista
D0000084,V000170,P001,F022125,71508.00,484.90,simulado_con_referencia_minorista
D0000085,V000170,P003,F022126,30610.00,1440.92,simulado_con_referencia_minorista
D0000086,V000170,P006,F022127,64970.00,1474.94,simulado_con_referencia_minorista
D0000087,V000170,P005,F022128,167960.00,1204.98,simulado_con_referencia_minorista
D0000088,V000170,P002,F022129,54450.00,1191.00,simulado_con_referencia_minorista
D0000089,V000206,P006,F024702,9000.00,1568.00,simulado_con_referencia_minorista
D0000090,V000206,P002,F024703,39000.00,1348.00,simulado_con_referencia_minorista
D0000091,V000206,P005,F024704,21000.00,1278.00,simulado_con_referencia_minorista
D0000092,V000206,P003,F024705,26000.00,1628.00,simulado_con_referencia_minorista
D0000093,V000014,P002,F024957,18390.00,1341.00,simulado_con_referencia_minorista
D0000094,V000014,P003,F024958,59340.00,1599.00,simulado_con_referencia_minorista
D0000095,V000014,P006,F024959,84280.00,1567.00,simulado_con_referencia_minorista
D0000096,V000014,P007,F024960,187550.00,1289.00,simulado_con_referencia_minorista
D0000097,V000146,P002,F026584,10510.00,1341.00,simulado_con_referencia_minorista
D0000098,V000146,P003,F026585,15980.00,1599.00,simulado_con_referencia_minorista
D0000099,V000146,P006,F026586,32980.00,1567.00,simulado_con_referencia_minorista
D0000100,V000146,P007,F026587,119280.00,1289.00,simulado_con_referencia_minorista
D0000101,V000110,P001,F027099,94624.00,562.57,simulado_con_referencia_minorista
D0000102,V000110,P006,F027100,30050.00,1457.00,simulado_con_referencia_minorista
D0000103,V000110,P003,F027101,57720.00,1425.00,simulado_con_referencia_minorista
D0000104,V000110,P007,F027102,201400.00,1190.00,simulado_con_referencia_minorista
D0000105,V000110,P002,F027103,30800.00,1175.15,simulado_con_referencia_minorista
D0000106,V000062,P004,F027774,1820.00,1237.00,simulado_con_referencia_minorista
D0000107,V000062,P006,F027775,69290.00,1496.00,simulado_con_referencia_minorista
D0000108,V000062,P007,F027776,293900.00,1247.00,simulado_con_referencia_minorista
D0000109,V000062,P003,F027777,110420.00,1473.00,simulado_con_referencia_minorista
D0000110,V000062,P002,F027778,110380.00,1261.90,simulado_con_referencia_minorista
D0000111,V000062,P001,F027779,124890.00,842.40,simulado_con_referencia_minorista
D0000112,V000086,P002,F028036,39500.00,1271.91,simulado_con_referencia_minorista
D0000113,V000086,P006,F028037,9640.00,1485.94,simulado_con_referencia_minorista
D0000114,V000086,P003,F028038,13280.00,1541.28,simulado_con_referencia_minorista
D0000115,V000086,P007,F028039,55580.00,1257.50,simulado_con_referencia_minorista
D0000116,V000002,P001,F029823,76233.80,655.69,simulado_con_referencia_minorista
D0000117,V000002,P007,F029824,295350.00,1241.02,simulado_con_referencia_minorista
D0000118,V000002,P006,F029825,158750.00,1492.96,simulado_con_referencia_minorista
D0000119,V000002,P003,F029826,97360.00,1479.01,simulado_con_referencia_minorista
D0000120,V000002,P002,F029827,55910.00,1250.92,simulado_con_referencia_minorista
D0000121,V000002,P004,F029831,2580.00,1400.00,simulado_con_referencia_minorista
D0000122,V000158,P006,F033962,38650.00,1500.15,simulado_con_referencia_minorista
D0000123,V000158,P004,F033963,89000,1203.01,simulado_con_referencia_minorista
D0000124,V000158,P001,F033964,72631.00,494.90,simulado_con_referencia_minorista
D0000125,V000158,P002,F033965,36710.00,1201.06,simulado_con_referencia_minorista
D0000126,V000158,P007,F033966,149390.00,1219.05,simulado_con_referencia_minorista
D0000127,V000158,P003,F033967,24530.00,1456.96,simulado_con_referencia_minorista
D0000128,V000194,P007,F035055,131540.00,1246.97,simulado_con_referencia_minorista
D0000129,V000194,P001,F035056,43360.00,699.00,simulado_con_referencia_minorista
D0000130,V000194,P004,F035061,2510.00,1271.80,simulado_con_referencia_minorista
D0000131,V000194,P006,F035062,46450.00,1499.69,simulado_con_referencia_minorista
D0000132,V000194,P002,F035063,163610.00,1275.30,simulado_con_referencia_minorista
D0000133,V000194,P003,F035064,105660.00,1476.60,simulado_con_referencia_minorista
D0000134,V000026,P006,F037940,13570.00,1504.00,simulado_con_referencia_minorista
D0000135,V000026,P005,F037941,131540.00,1251.00,simulado_con_referencia_minorista
D0000136,V000026,P002,F037942,162540.00,1271.00,simulado_con_referencia_minorista
D0000137,V000026,P003,F037943,34070.00,1531.00,simulado_con_referencia_minorista
D0000138,V000182,P003,F039003,19960.00,1528.00,simulado_con_referencia_minorista
D0000139,V000182,P002,F039004,78650.00,1294.85,simulado_con_referencia_minorista
D0000140,V000182,P006,F039005,13180.00,1489.67,simulado_con_referencia_minorista
D0000141,V000182,P007,F039006,60200.00,1239.85,simulado_con_referencia_minorista
D0000142,V000038,P007,F039229,187660.00,1250.64,simulado_con_referencia_minorista
D0000143,V000038,P006,F039230,21110.00,1566.55,simulado_con_referencia_minorista
D0000144,V000038,P002,F039232,36860.00,1365.80,simulado_con_referencia_minorista
D0000145,V000038,P003,F039233,24160.00,1629.69,simulado_con_referencia_minorista
D0000146,V000098,P002,F040239,49380.00,1341.00,simulado_con_referencia_minorista
D0000147,V000098,P003,F040240,3230.00,1599.00,simulado_con_referencia_minorista
D0000148,V000098,P006,F040241,5260.00,1567.00,simulado_con_referencia_minorista
D0000149,V000098,P007,F040246,35100.00,1289.00,simulado_con_referencia_minorista
D0000150,V000074,P003,F040343,62490.00,1531.00,simulado_con_referencia_minorista
D0000151,V000074,P006,F040344,19750.00,1494.00,simulado_con_referencia_minorista
D0000152,V000074,P007,F040345,205600.00,1229.00,simulado_con_referencia_minorista
D0000153,V000074,P002,F040346,104430.00,1271.00,simulado_con_referencia_minorista
D0000154,V000122,P001,F040929,92220.20,699.00,simulado_con_referencia_minorista
D0000155,V000122,P006,F040932,143040.00,1477.04,simulado_con_referencia_minorista
D0000156,V000122,P007,F040935,254690.00,1240.48,simulado_con_referencia_minorista
D0000157,V000122,P002,F040937,250650.00,1261.91,simulado_con_referencia_minorista
D0000158,V000122,P003,F040938,229510.00,1471.70,simulado_con_referencia_minorista
D0000159,V000134,P007,F042187,258080.00,1229.34,simulado_con_referencia_minorista
D0000160,V000134,P003,F042188,308600.00,1459.06,simulado_con_referencia_minorista
D0000161,V000134,P006,F042189,114720.00,1473.44,simulado_con_referencia_minorista
D0000162,V000134,P002,F042192,730760.00,1247.01,simulado_con_referencia_minorista
D0000163,V000050,P002,F042266,72920.00,1271.00,simulado_con_referencia_minorista
D0000164,V000050,P003,F042267,67840.00,1525.00,simulado_con_referencia_minorista
D0000165,V000050,P007,F042268,184990.00,1229.00,simulado_con_referencia_minorista
D0000166,V000050,P006,F042269,48480.00,1494.00,simulado_con_referencia_minorista
D0000167,V000171,P006,F043930,73920.00,1503.94,simulado_con_referencia_minorista
D0000168,V000171,P003,F043931,38930.00,1468.94,simulado_con_referencia_minorista
D0000169,V000171,P002,F043932,59720.00,1215.00,simulado_con_referencia_minorista
D0000170,V000171,P001,F043933,85237.00,505.52,simulado_con_referencia_minorista
D0000171,V000171,P005,F043934,199660.00,1228.98,simulado_con_referencia_minorista
D0000172,V000207,P005,F046524,17830.00,1308.00,simulado_con_referencia_minorista
D0000173,V000207,P006,F046525,10510.00,1599.00,simulado_con_referencia_minorista
D0000174,V000207,P002,F046526,28670.00,1386.00,simulado_con_referencia_minorista
D0000175,V000207,P003,F046527,25340.00,1658.00,simulado_con_referencia_minorista
D0000176,V000015,P007,F046778,202600.00,1314.00,simulado_con_referencia_minorista
D0000177,V000015,P006,F046779,87160.00,1592.00,simulado_con_referencia_minorista
D0000178,V000015,P002,F046780,15930.00,1359.00,simulado_con_referencia_minorista
D0000179,V000015,P003,F046781,58580.00,1636.00,simulado_con_referencia_minorista
D0000180,V000147,P003,F048391,16650.00,1632.00,simulado_con_referencia_minorista
D0000181,V000147,P002,F048392,12220.00,1372.00,simulado_con_referencia_minorista
D0000182,V000147,P006,F048393,37660.00,1595.00,simulado_con_referencia_minorista
D0000183,V000147,P007,F048394,132900.00,1314.00,simulado_con_referencia_minorista
D0000184,V000111,P001,F048904,110.78,569.00,simulado_con_referencia_minorista
D0000185,V000111,P006,F048905,73060.00,1485.00,simulado_con_referencia_minorista
D0000186,V000111,P002,F048906,39580.00,1198.00,simulado_con_referencia_minorista
D0000187,V000111,P007,F048907,232160.00,1273.00,simulado_con_referencia_minorista
D0000188,V000111,P003,F048908,38520.00,1453.00,simulado_con_referencia_minorista
D0000189,V000063,P002,F049587,129560.00,1285.91,simulado_con_referencia_minorista
D0000190,V000063,P003,F049588,95490.00,1500.98,simulado_con_referencia_minorista
D0000191,V000063,P007,F049589,321480.00,1270.97,simulado_con_referencia_minorista
D0000192,V000063,P006,F049590,70640.00,1524.99,simulado_con_referencia_minorista
D0000193,V000063,P004,F049591,2380.00,1274.10,simulado_con_referencia_minorista
D0000194,V000063,P001,F049592,139200.00,849.00,simulado_con_referencia_minorista
D0000195,V000087,P002,F049850,37170.00,1299.94,simulado_con_referencia_minorista
D0000196,V000087,P007,F049851,57870.00,1281.61,simulado_con_referencia_minorista
D0000197,V000087,P003,F049852,12990.00,1586.00,simulado_con_referencia_minorista
D0000198,V000087,P006,F049853,6430.00,1533.78,simulado_con_referencia_minorista
D0000199,V000003,P001,F051628,83994.70,659.00,simulado_con_referencia_minorista
D0000200,V000003,P006,F051629,170330.00,1522.99,simulado_con_referencia_minorista
D0000201,V000003,P007,F051630,318200.00,1265.99,simulado_con_referencia_minorista
D0000202,V000003,P002,F051631,49260.00,1276.53,simulado_con_referencia_minorista
D0000203,V000003,P004,F051632,4150.00,1400.00,simulado_con_referencia_minorista
D0000204,V000003,P003,F051633,115660.00,1508.05,simulado_con_referencia_minorista
D0000205,V000159,P001,F055766,84093.00,478.55,simulado_con_referencia_minorista
D0000206,V000159,P006,F055767,44890.00,1409.02,simulado_con_referencia_minorista
D0000207,V000159,P003,F055768,36510.00,1179.84,simulado_con_referencia_minorista
D0000208,V000159,P007,F055769,174030.00,1142.70,simulado_con_referencia_minorista
D0000209,V000159,P004,F055770,2040.00,793.26,simulado_con_referencia_minorista
D0000210,V000159,P002,F055771,46510.00,1177.52,simulado_con_referencia_minorista
D0000211,V000195,P002,F056863,152820.00,1300.15,simulado_con_referencia_minorista
D0000212,V000195,P006,F056865,45180.00,1524.07,simulado_con_referencia_minorista
D0000213,V000195,P001,F056868,57078.00,722.34,simulado_con_referencia_minorista
D0000214,V000195,P007,F056869,138730.00,1266.16,simulado_con_referencia_minorista
D0000215,V000195,P004,F056870,3550.00,1285.67,simulado_con_referencia_minorista
D0000216,V000195,P003,F056872,107740.00,1503.85,simulado_con_referencia_minorista
D0000217,V000027,P006,F059778,6780.00,1533.00,simulado_con_referencia_minorista
D0000218,V000027,P003,F059779,33950.00,1566.00,simulado_con_referencia_minorista
D0000219,V000027,P002,F059780,204450.00,1300.00,simulado_con_referencia_minorista
D0000220,V000027,P007,F059781,119870.00,1275.00,simulado_con_referencia_minorista
D0000221,V000183,P007,F060850,63890.00,1265.51,simulado_con_referencia_minorista
D0000222,V000183,P002,F060851,83580.00,1319.61,simulado_con_referencia_minorista
D0000223,V000183,P003,F060852,20580.00,1557.59,simulado_con_referencia_minorista
D0000224,V000183,P006,F060853,11330.00,1522.67,simulado_con_referencia_minorista
D0000225,V000039,P007,F061073,130840.00,1274.41,simulado_con_referencia_minorista
D0000226,V000039,P002,F061075,39530.00,1396.70,simulado_con_referencia_minorista
D0000227,V000039,P006,F061076,19050.00,1597.21,simulado_con_referencia_minorista
D0000228,V000039,P003,F061079,24350.00,1651.28,simulado_con_referencia_minorista
D0000229,V000099,P002,F062093,58620.00,1341.00,simulado_con_referencia_minorista
D0000230,V000099,P006,F062095,4250.00,1567.00,simulado_con_referencia_minorista
D0000231,V000099,P003,F062096,4390.00,1599.00,simulado_con_referencia_minorista
D0000232,V000099,P007,F062098,38120.00,1289.00,simulado_con_referencia_minorista
D0000233,V000075,P006,F062195,23760.00,1523.00,simulado_con_referencia_minorista
D0000234,V000075,P002,F062196,110770.00,1300.00,simulado_con_referencia_minorista
D0000235,V000075,P003,F062197,74460.00,1566.00,simulado_con_referencia_minorista
D0000236,V000075,P007,F062198,235940.00,1252.00,simulado_con_referencia_minorista
D0000237,V000123,P001,F062782,94855.90,699.00,simulado_con_referencia_minorista
D0000238,V000123,P007,F062784,243460.00,1264.29,simulado_con_referencia_minorista
D0000239,V000123,P002,F062785,247080.00,1285.68,simulado_con_referencia_minorista
D0000240,V000123,P006,F062790,134980.00,1505.05,simulado_con_referencia_minorista
D0000241,V000123,P003,F062791,255570.00,1499.00,simulado_con_referencia_minorista
D0000242,V000135,P003,F064040,309820.00,1485.94,simulado_con_referencia_minorista
D0000243,V000135,P002,F064041,762940.00,1271.51,simulado_con_referencia_minorista
D0000244,V000135,P006,F064043,128540.00,1501.69,simulado_con_referencia_minorista
D0000245,V000135,P007,F064045,282690.00,1252.37,simulado_con_referencia_minorista
D0000246,V000051,P002,F064118,79590.00,1300.00,simulado_con_referencia_minorista
D0000247,V000051,P005,F064119,208940.00,1252.00,simulado_con_referencia_minorista
D0000248,V000051,P003,F064120,75870.00,1560.00,simulado_con_referencia_minorista
D0000249,V000051,P006,F064121,49500.00,1523.00,simulado_con_referencia_minorista
D0000250,V000172,P005,F065784,187210.00,1251.96,simulado_con_referencia_minorista
D0000251,V000172,P001,F065785,84775.00,509.00,simulado_con_referencia_minorista
D0000252,V000172,P003,F065786,35860.00,1174.39,simulado_con_referencia_minorista
D0000253,V000172,P002,F065787,57320.00,1237.00,simulado_con_referencia_minorista
D0000254,V000172,P006,F065788,65260.00,1197.52,simulado_con_referencia_minorista
D0000255,V000208,P006,F068365,5060.00,1639.00,simulado_con_referencia_minorista
D0000256,V000208,P002,F068366,52670.00,1418.46,simulado_con_referencia_minorista
D0000257,V000208,P005,F068367,31600.00,1339.00,simulado_con_referencia_minorista
D0000258,V000208,P003,F068368,19000.00,1659.00,simulado_con_referencia_minorista
D0000259,V000016,P006,F068620,85970.00,1623.00,simulado_con_referencia_minorista
D0000260,V000016,P003,F068621,58750.00,1662.00,simulado_con_referencia_minorista
D0000261,V000016,P002,F068622,16150.00,1388.00,simulado_con_referencia_minorista
D0000262,V000016,P007,F068623,178450.00,1334.00,simulado_con_referencia_minorista
D0000263,V000148,P003,F070231,15970.00,1659.00,simulado_con_referencia_minorista
D0000264,V000148,P007,F070232,121810.00,1337.00,simulado_con_referencia_minorista
D0000265,V000148,P002,F070233,11260.00,1399.00,simulado_con_referencia_minorista
D0000266,V000148,P006,F070234,36360.00,1623.00,simulado_con_referencia_minorista
D0000267,V000112,P001,F070745,109117.00,569.00,simulado_con_referencia_minorista
D0000268,V000112,P006,F070746,25510.00,1511.00,simulado_con_referencia_minorista
D0000269,V000112,P002,F070747,28290.00,1219.00,simulado_con_referencia_minorista
D0000270,V000112,P007,F070748,177450.00,1234.00,simulado_con_referencia_minorista
D0000271,V000112,P003,F070749,39330.00,1478.00,simulado_con_referencia_minorista
D0000272,V000064,P002,F071419,116980.00,1308.93,simulado_con_referencia_minorista
D0000273,V000064,P006,F071420,69430.00,1551.78,simulado_con_referencia_minorista
D0000274,V000064,P003,F071421,114120.00,1526.95,simulado_con_referencia_minorista
D0000275,V000064,P004,F071422,2340.00,1309.00,simulado_con_referencia_minorista
D0000276,V000064,P007,F071423,294890.00,1292.20,simulado_con_referencia_minorista
D0000277,V000064,P001,F071424,133.18,849.00,simulado_con_referencia_minorista
D0000278,V000088,P002,F071680,29830.00,1322.91,simulado_con_referencia_minorista
D0000279,V000088,P003,F071681,10650.00,1579.65,simulado_con_referencia_minorista
D0000280,V000088,P007,F071682,4370.00,1534.90,simulado_con_referencia_minorista
D0000281,V000088,P006,F071683,39100.00,1279.77,simulado_con_referencia_minorista
D0000282,V000004,P001,F073457,81303.70,659.00,simulado_con_referencia_minorista
D0000283,V000004,P003,F073458,122990.00,1535.56,simulado_con_referencia_minorista
D0000284,V000004,P006,F073459,166680.00,1550.86,simulado_con_referencia_minorista
D0000285,V000004,P002,F073460,49190.00,1299.98,simulado_con_referencia_minorista
D0000286,V000004,P007,F073461,302350.00,1289.96,simulado_con_referencia_minorista
D0000287,V000004,P004,F073462,4990.00,1456.06,simulado_con_referencia_minorista
D0000288,V000160,P002,F077601,48610.00,868.75,simulado_con_referencia_minorista
D0000289,V000160,P003,F077602,29890.00,1081.89,simulado_con_referencia_minorista
D0000290,V000160,P007,F077603,167790.00,830.96,simulado_con_referencia_minorista
D0000291,V000160,P006,F077604,43690.00,1061.90,simulado_con_referencia_minorista
D0000292,V000160,P001,F077605,80684.00,410.15,simulado_con_referencia_minorista
D0000293,V000160,P004,F077606,2130.00,780.25,simulado_con_referencia_minorista
D0000294,V000196,P006,F078696,46770.00,1551.90,simulado_con_referencia_minorista
D0000295,V000196,P002,F078697,203090.00,1323.30,simulado_con_referencia_minorista
D0000296,V000196,P003,F078698,117830.00,1531.32,simulado_con_referencia_minorista
D0000297,V000196,P004,F078699,4500.00,1286.12,simulado_con_referencia_minorista
D0000298,V000196,P007,F078700,133760.00,1290.71,simulado_con_referencia_minorista
D0000299,V000196,P001,F078701,56561.00,750.00,simulado_con_referencia_minorista
D0000300,V000028,P003,F081589,27390.00,1599.00,simulado_con_referencia_minorista
D0000301,V000028,P006,F081590,4690.00,1533.00,simulado_con_referencia_minorista
D0000302,V000028,P007,F081591,105070.00,1298.97,simulado_con_referencia_minorista
D0000303,V000028,P002,F081592,192710.00,1325.00,simulado_con_referencia_minorista
D0000304,V000184,P003,F082636,15570.00,1590.00,simulado_con_referencia_minorista
D0000305,V000184,P006,F082637,7560.00,1552.66,simulado_con_referencia_minorista
D0000306,V000184,P002,F082638,86160.00,1345.93,simulado_con_referencia_minorista
D0000307,V000184,P007,F082639,58040.00,1291.78,simulado_con_referencia_minorista
D0000308,V000040,P002,F082870,38300.00,1420.57,simulado_con_referencia_minorista
D0000309,V000040,P003,F082871,24350.00,1662.45,simulado_con_referencia_minorista
D0000310,V000040,P006,F082872,17990.00,1623.71,simulado_con_referencia_minorista
D0000311,V000040,P007,F082873,118470.00,1296.54,simulado_con_referencia_minorista
D0000312,V000100,P006,F083879,2140.00,1624.00,simulado_con_referencia_minorista
D0000313,V000100,P003,F083883,12000.00,1662.00,simulado_con_referencia_minorista
D0000314,V000100,P007,F083884,84000.00,1334.00,simulado_con_referencia_minorista
D0000315,V000100,P002,F083885,47900.00,1388.00,simulado_con_referencia_minorista
D0000316,V000076,P002,F083981,103020.00,1323.00,simulado_con_referencia_minorista
D0000317,V000076,P007,F083982,221760.00,1274.00,simulado_con_referencia_minorista
D0000318,V000076,P006,F083983,24530.00,1550.00,simulado_con_referencia_minorista
D0000319,V000076,P003,F083984,70330.00,1593.00,simulado_con_referencia_minorista
D0000320,V000124,P001,F084570,89727.20,699.00,simulado_con_referencia_minorista
D0000321,V000124,P007,F084571,217260.00,1283.94,simulado_con_referencia_minorista
D0000322,V000124,P006,F084577,119160.00,1523.30,simulado_con_referencia_minorista
D0000323,V000124,P002,F084578,274640.00,1308.91,simulado_con_referencia_minorista
D0000324,V000124,P003,F084579,225490.00,1525.85,simulado_con_referencia_minorista
D0000325,V000136,P003,F085827,291610.00,1513.29,simulado_con_referencia_minorista
D0000326,V000136,P002,F085828,873660.00,1294.31,simulado_con_referencia_minorista
D0000327,V000136,P007,F085832,247930.00,1274.15,simulado_con_referencia_minorista
D0000328,V000136,P006,F085833,106450.00,1527.14,simulado_con_referencia_minorista
D0000329,V000052,P006,F085906,46300.00,1550.00,simulado_con_referencia_minorista
D0000330,V000052,P007,F085907,174730.00,1274.00,simulado_con_referencia_minorista
D0000331,V000052,P002,F085908,70670.00,1323.00,simulado_con_referencia_minorista
D0000332,V000052,P003,F085909,61660.00,1587.00,simulado_con_referencia_minorista
D0000333,V000173,P001,F087563,79901.00,509.00,simulado_con_referencia_minorista
D0000334,V000173,P003,F087564,39390.00,1381.89,simulado_con_referencia_minorista
D0000335,V000173,P006,F087565,79550.00,1441.47,simulado_con_referencia_minorista
D0000336,V000173,P005,F087566,197280.00,1230.64,simulado_con_referencia_minorista
D0000337,V000173,P002,F087567,53190.00,1205.69,simulado_con_referencia_minorista
D0000338,V000209,P003,F090171,15960.00,1634.41,simulado_con_referencia_minorista
D0000339,V000209,P005,F090172,32320.00,1326.91,simulado_con_referencia_minorista
D0000340,V000209,P006,F090173,3720.00,1613.43,simulado_con_referencia_minorista
D0000341,V000209,P002,F090174,50490.00,1398.51,simulado_con_referencia_minorista
D0000342,V000017,P002,F090426,14880.00,1367.00,simulado_con_referencia_minorista
D0000343,V000017,P003,F090427,65240.00,1597.00,simulado_con_referencia_minorista
D0000344,V000017,P006,F090428,88050.00,1566.00,simulado_con_referencia_minorista
D0000345,V000017,P007,F090429,175800.00,1323.00,simulado_con_referencia_minorista
D0000346,V000149,P007,F092034,104540.00,1328.13,simulado_con_referencia_minorista
D0000347,V000149,P002,F092035,8890.00,1382.06,simulado_con_referencia_minorista
D0000348,V000149,P006,F092036,32490.00,1577.03,simulado_con_referencia_minorista
D0000349,V000149,P003,F092037,13950.00,1606.58,simulado_con_referencia_minorista
D0000350,V000113,P007,F092541,240260.00,1210.74,simulado_con_referencia_minorista
D0000351,V000113,P006,F092542,78910.00,1421.72,simulado_con_referencia_minorista
D0000352,V000113,P003,F092543,37630.00,1363.42,simulado_con_referencia_minorista
D0000353,V000113,P002,F092544,34180.00,1184.90,simulado_con_referencia_minorista
D0000354,V000113,P001,F092545,118229.00,569.00,simulado_con_referencia_minorista
D0000355,V000065,P001,F093212,139000.00,849.00,simulado_con_referencia_minorista
D0000356,V000065,P005,F093213,291310.00,1267.51,simulado_con_referencia_minorista
D0000357,V000065,P006,F093214,83800.00,1460.54,simulado_con_referencia_minorista
D0000358,V000065,P003,F093215,109260.00,1408.85,simulado_con_referencia_minorista
D0000359,V000065,P004,F093216,2870.00,1309.00,simulado_con_referencia_minorista
D0000360,V000065,P002,F093217,116690.00,1273.34,simulado_con_referencia_minorista
D0000361,V000089,P002,F093478,42430.00,1285.35,simulado_con_referencia_minorista
D0000362,V000089,P006,F093479,3670.00,1495.54,simulado_con_referencia_minorista
D0000363,V000089,P007,F093480,45560.00,1250.43,simulado_con_referencia_minorista
D0000364,V000089,P003,F093481,9630.00,1491.33,simulado_con_referencia_minorista
D0000365,V000005,P004,F095262,4540.00,1500.00,simulado_con_referencia_minorista
D0000366,V000005,P006,F095263,171390.00,1461.45,simulado_con_referencia_minorista
D0000367,V000005,P007,F095264,318090.00,1266.75,simulado_con_referencia_minorista
D0000368,V000005,P003,F095265,128640.00,1418.64,simulado_con_referencia_minorista
D0000369,V000005,P002,F095266,44820.00,1266.43,simulado_con_referencia_minorista
D0000370,V000005,P001,F095267,85828.50,659.00,simulado_con_referencia_minorista
D0000371,V000161,P004,F099409,1440.00,1217.00,simulado_con_referencia_minorista
D0000372,V000161,P001,F099410,87272.00,514.90,simulado_con_referencia_minorista
D0000373,V000161,P006,F099411,45590.00,1466.00,simulado_con_referencia_minorista
D0000374,V000161,P007,F099412,178320.00,1243.00,simulado_con_referencia_minorista
D0000375,V000161,P003,F099413,35890.00,1397.00,simulado_con_referencia_minorista
D0000376,V000161,P002,F099414,54590.00,1217.00,simulado_con_referencia_minorista
D0000377,V000197,P006,F100502,48580.00,1472.78,simulado_con_referencia_minorista
D0000378,V000197,P004,F100507,4500.00,1289.65,simulado_con_referencia_minorista
D0000379,V000197,P003,F100508,121630.00,1419.89,simulado_con_referencia_minorista
D0000380,V000197,P002,F100509,208690.00,1292.05,simulado_con_referencia_minorista
D0000381,V000197,P001,F100510,60736.00,750.00,simulado_con_referencia_minorista
D0000382,V000197,P007,F100512,137870.00,1273.62,simulado_con_referencia_minorista
D0000383,V000029,P003,F103406,27390.00,1479.00,simulado_con_referencia_minorista
D0000384,V000029,P006,F103407,4690.00,1533.00,simulado_con_referencia_minorista
D0000385,V000029,P002,F103408,184870.00,1289.00,simulado_con_referencia_minorista
D0000386,V000029,P007,F103409,105070.00,1279.00,simulado_con_referencia_minorista
D0000387,V000185,P003,F104466,20600.00,1492.23,simulado_con_referencia_minorista
D0000388,V000185,P006,F104467,8550.00,1476.75,simulado_con_referencia_minorista
D0000389,V000185,P007,F104468,58160.00,1270.68,simulado_con_referencia_minorista
D0000390,V000185,P002,F104469,106260.00,1320.16,simulado_con_referencia_minorista
D0000391,V000041,P002,F104693,39670.00,1397.79,simulado_con_referencia_minorista
D0000392,V000041,P006,F104697,18420.00,1576.17,simulado_con_referencia_minorista
D0000393,V000041,P003,F104698,24550.00,1606.49,simulado_con_referencia_minorista
D0000394,V000041,P007,F104699,119400.00,1273.10,simulado_con_referencia_minorista
D0000395,V000101,P002,F105705,39000.00,1367.00,simulado_con_referencia_minorista
D0000396,V000101,P003,F105706,6000.00,1597.00,simulado_con_referencia_minorista
D0000397,V000101,P006,F105707,7000.00,1567.00,simulado_con_referencia_minorista
D0000398,V000101,P007,F105708,64900.00,1323.00,simulado_con_referencia_minorista
D0000399,V000077,P003,F105806,76500.00,1472.00,simulado_con_referencia_minorista
D0000400,V000077,P002,F105807,116620.00,1289.00,simulado_con_referencia_minorista
D0000401,V000077,P006,F105808,26790.00,1460.00,simulado_con_referencia_minorista
D0000402,V000077,P007,F105809,228910.00,1252.00,simulado_con_referencia_minorista
D0000403,V000125,P001,F106396,94907.80,698.99,simulado_con_referencia_minorista
D0000404,V000125,P006,F106397,126840.00,1447.92,simulado_con_referencia_minorista
D0000405,V000125,P007,F106398,221090.00,1262.52,simulado_con_referencia_minorista
D0000406,V000125,P002,F106400,275600.00,1273.49,simulado_con_referencia_minorista
D0000407,V000125,P003,F106402,256540.00,1408.20,simulado_con_referencia_minorista
D0000408,V000137,P006,F107659,119860.00,1437.03,simulado_con_referencia_minorista
D0000409,V000137,P007,F107660,272890.00,1250.86,simulado_con_referencia_minorista
D0000410,V000137,P003,F107661,314820.00,1395.76,simulado_con_referencia_minorista
D0000411,V000137,P002,F107662,971990.00,1259.04,simulado_con_referencia_minorista
D0000412,V000053,P007,F107735,194460.00,1252.00,simulado_con_referencia_minorista
D0000413,V000053,P003,F107736,68130.00,1466.00,simulado_con_referencia_minorista
D0000414,V000053,P002,F107737,72030.00,1289.00,simulado_con_referencia_minorista
D0000415,V000053,P006,F107738,47330.00,1460.00,simulado_con_referencia_minorista
D0000416,V000174,P005,F109409,193550.00,1245.99,simulado_con_referencia_minorista
D0000417,V000174,P002,F109410,52790.00,1220.98,simulado_con_referencia_minorista
D0000418,V000174,P006,F109411,79880.00,1459.00,simulado_con_referencia_minorista
D0000419,V000174,P001,F109412,79887.00,509.00,simulado_con_referencia_minorista
D0000420,V000174,P003,F109413,36770.00,1399.00,simulado_con_referencia_minorista
D0000421,V000210,P003,F112022,23380.00,1644.00,simulado_con_referencia_minorista
D0000422,V000210,P005,F112023,20520.00,1331.00,simulado_con_referencia_minorista
D0000423,V000210,P002,F112024,55070.00,1406.00,simulado_con_referencia_minorista
D0000424,V000210,P006,F112025,8150.00,1600.00,simulado_con_referencia_minorista
D0000425,V000018,P007,F112277,168310.00,1357.91,simulado_con_referencia_minorista
D0000426,V000018,P006,F112278,85160.00,1606.88,simulado_con_referencia_minorista
D0000427,V000018,P003,F112279,64550.00,1639.14,simulado_con_referencia_minorista
D0000428,V000018,P002,F112280,14240.00,1402.82,simulado_con_referencia_minorista
D0000429,V000150,P007,F113870,94730.00,1362.83,simulado_con_referencia_minorista
D0000430,V000150,P006,F113871,32560.00,1606.83,simulado_con_referencia_minorista
D0000431,V000150,P002,F113872,9460.00,1414.87,simulado_con_referencia_minorista
D0000432,V000150,P003,F113873,13750.00,1635.17,simulado_con_referencia_minorista
D0000433,V000114,P001,F114378,112954.00,569.00,simulado_con_referencia_minorista
D0000434,V000114,P007,F114379,218210.00,1226.00,simulado_con_referencia_minorista
D0000435,V000114,P006,F114380,31120.00,1439.00,simulado_con_referencia_minorista
D0000436,V000114,P003,F114381,65820.00,1382.00,simulado_con_referencia_minorista
D0000437,V000114,P002,F114382,34140.00,1201.00,simulado_con_referencia_minorista
D0000438,V000066,P007,F115046,317460.00,1283.92,simulado_con_referencia_minorista
D0000439,V000066,P001,F115047,141050.00,849.00,simulado_con_referencia_minorista
D0000440,V000066,P004,F115048,4580.00,1309.00,simulado_con_referencia_minorista
D0000441,V000066,P002,F115049,106320.00,1290.99,simulado_con_referencia_minorista
D0000442,V000066,P003,F115050,95080.00,1426.99,simulado_con_referencia_minorista
D0000443,V000066,P006,F115051,72370.00,1478.98,simulado_con_referencia_minorista
D0000444,V000090,P007,F115311,44270.00,1332.63,simulado_con_referencia_minorista
D0000445,V000090,P002,F115312,45410.00,1326.67,simulado_con_referencia_minorista
D0000446,V000090,P005,F115313,3270.00,1515.99,simulado_con_referencia_minorista
D0000447,V000090,P003,F115314,9260.00,1523.88,simulado_con_referencia_minorista
D0000448,V000006,P003,F117088,125710.00,1438.01,simulado_con_referencia_minorista
D0000449,V000006,P007,F117089,313600.00,1283.00,simulado_con_referencia_minorista
D0000450,V000006,P006,F117090,181830.00,1481.00,simulado_con_referencia_minorista
D0000451,V000006,P004,F117091,6900.00,1508.01,simulado_con_referencia_minorista
D0000452,V000006,P001,F117092,84845.10,659.00,simulado_con_referencia_minorista
D0000453,V000006,P002,F117093,46490.00,1283.89,simulado_con_referencia_minorista
D0000454,V000162,P002,F121236,50930.00,1231.00,simulado_con_referencia_minorista
D0000455,V000162,P003,F121237,32180.00,1413.00,simulado_con_referencia_minorista
D0000456,V000162,P006,F121238,48200.00,1483.00,simulado_con_referencia_minorista
D0000457,V000162,P004,F121239,3090.00,1231.00,simulado_con_referencia_minorista
D0000458,V000162,P007,F121240,176020.00,1258.00,simulado_con_referencia_minorista
D0000459,V000162,P001,F121241,83210.00,514.90,simulado_con_referencia_minorista
D0000460,V000198,P006,F122321,50980.00,1476.97,simulado_con_referencia_minorista
D0000461,V000198,P001,F122322,58182.00,750.00,simulado_con_referencia_minorista
D0000462,V000198,P003,F122324,125570.00,1427.69,simulado_con_referencia_minorista
D0000463,V000198,P002,F122326,234490.00,1306.03,simulado_con_referencia_minorista
D0000464,V000198,P007,F122328,135540.00,1281.30,simulado_con_referencia_minorista
D0000465,V000198,P004,F122329,11100.00,1288.62,simulado_con_referencia_minorista
D0000466,V000030,P003,F125198,25780.00,1479.00,simulado_con_referencia_minorista
D0000467,V000030,P006,F125199,4820.00,1533.00,simulado_con_referencia_minorista
D0000468,V000030,P002,F125200,155010.00,1289.00,simulado_con_referencia_minorista
D0000469,V000030,P005,F125201,98780.00,1279.00,simulado_con_referencia_minorista
D0000470,V000186,P003,F126251,25870.00,1504.20,simulado_con_referencia_minorista
D0000471,V000186,P006,F126252,9350.00,1499.47,simulado_con_referencia_minorista
D0000472,V000186,P007,F126253,61080.00,1297.15,simulado_con_referencia_minorista
D0000473,V000186,P002,F126254,103190.00,1349.23,simulado_con_referencia_minorista
D0000474,V000042,P003,F126477,21170.00,1626.58,simulado_con_referencia_minorista
D0000475,V000042,P002,F126482,30460.00,1432.20,simulado_con_referencia_minorista
D0000476,V000042,P007,F126492,106710.00,1307.34,simulado_con_referencia_minorista
D0000477,V000042,P006,F126493,15130.00,1602.12,simulado_con_referencia_minorista
D0000478,V000102,P007,F127490,65300.00,1338.00,simulado_con_referencia_minorista
D0000479,V000102,P006,F127491,6000.00,1582.00,simulado_con_referencia_minorista
D0000480,V000102,P002,F127492,41000.00,1381.00,simulado_con_referencia_minorista
D0000481,V000102,P003,F127493,7000.00,1612.00,simulado_con_referencia_minorista
D0000482,V000078,P002,F127593,119490.00,1304.00,simulado_con_referencia_minorista
D0000483,V000078,P003,F127594,77240.00,1489.00,simulado_con_referencia_minorista
D0000484,V000078,P007,F127595,218700.00,1266.00,simulado_con_referencia_minorista
D0000485,V000078,P006,F127596,28330.00,1477.00,simulado_con_referencia_minorista
D0000486,V000126,P006,F128180,127440.00,1467.32,simulado_con_referencia_minorista
D0000487,V000126,P001,F128181,91237.80,699.00,simulado_con_referencia_minorista
D0000488,V000126,P002,F128183,267940.00,1291.00,simulado_con_referencia_minorista
D0000489,V000126,P007,F128184,216810.00,1277.81,simulado_con_referencia_minorista
D0000490,V000126,P003,F128186,237850.00,1426.54,simulado_con_referencia_minorista
D0000491,V000138,P006,F129428,131990.00,1454.16,simulado_con_referencia_minorista
D0000492,V000138,P007,F129430,258240.00,1266.13,simulado_con_referencia_minorista
D0000493,V000138,P001,F129431,141785.00,672.01,simulado_con_referencia_minorista
D0000494,V000138,P002,F129432,961220.00,1274.87,simulado_con_referencia_minorista
D0000495,V000138,P003,F129433,324090.00,1414.02,simulado_con_referencia_minorista
D0000496,V000054,P007,F129504,186960.00,1266.00,simulado_con_referencia_minorista
D0000497,V000054,P002,F129505,71260.00,1304.00,simulado_con_referencia_minorista
D0000498,V000054,P003,F129506,67550.00,1483.00,simulado_con_referencia_minorista
D0000499,V000054,P006,F129507,51170.00,1477.00,simulado_con_referencia_minorista
D0000500,V000175,P002,F131162,54940.00,1299.88,simulado_con_referencia_minorista
D0000501,V000175,P003,F131163,38050.00,1486.37,simulado_con_referencia_minorista
D0000502,V000175,P006,F131164,78930.00,1557.95,simulado_con_referencia_minorista
D0000503,V000175,P001,F131165,86961.00,509.00,simulado_con_referencia_minorista
D0000504,V000175,P005,F131166,194630.00,1342.48,simulado_con_referencia_minorista
D0000505,V000211,P002,F133774,45980.00,1479.00,simulado_con_referencia_minorista
D0000506,V000211,P006,F133775,5220.00,1669.00,simulado_con_referencia_minorista
D0000507,V000211,P003,F133776,21660.00,1699.00,simulado_con_referencia_minorista
D0000508,V000211,P005,F133777,16810.00,1379.00,simulado_con_referencia_minorista
D0000509,V000019,P006,F134021,91590.00,1676.44,simulado_con_referencia_minorista
D0000510,V000019,P003,F134022,71720.00,1709.56,simulado_con_referencia_minorista
D0000511,V000019,P002,F134023,14980.00,1475.06,simulado_con_referencia_minorista
D0000512,V000019,P007,F134024,168860.00,1414.18,simulado_con_referencia_minorista
D0000513,V000151,P002,F135603,9960.00,1457.32,simulado_con_referencia_minorista
D0000514,V000151,P003,F135604,14560.00,1681.81,simulado_con_referencia_minorista
D0000515,V000151,P007,F135605,100630.00,1401.68,simulado_con_referencia_minorista
D0000516,V000151,P006,F135606,36010.00,1654.74,simulado_con_referencia_minorista
D0000517,V000115,P007,F136107,219830.00,1256.00,simulado_con_referencia_minorista
D0000518,V000115,P003,F136108,36190.00,1504.00,simulado_con_referencia_minorista
D0000519,V000115,P001,F136109,113310.00,569.00,simulado_con_referencia_minorista
D0000520,V000115,P002,F136110,50160.00,1282.00,simulado_con_referencia_minorista
D0000521,V000115,P006,F136111,67380.00,1445.00,simulado_con_referencia_minorista
D0000522,V000067,P002,F136781,150830.00,1341.98,simulado_con_referencia_minorista
D0000523,V000067,P007,F136782,331360.00,1332.04,simulado_con_referencia_minorista
D0000524,V000067,P003,F136783,124260.00,1482.23,simulado_con_referencia_minorista
D0000525,V000067,P006,F136784,79400.00,1534.97,simulado_con_referencia_minorista
D0000526,V000067,P004,F136785,3610.00,1319.83,simulado_con_referencia_minorista
D0000527,V000067,P001,F136786,137850.00,877.33,simulado_con_referencia_minorista
D0000528,V000091,P003,F137051,26530.00,1587.38,simulado_con_referencia_minorista
D0000529,V000091,P007,F137052,49410.00,1370.68,simulado_con_referencia_minorista
D0000530,V000091,P006,F137053,4900.00,1573.62,simulado_con_referencia_minorista
D0000531,V000091,P002,F137054,45180.00,1371.57,simulado_con_referencia_minorista
D0000532,V000007,P006,F138830,184480.00,1526.21,simulado_con_referencia_minorista
D0000533,V000007,P004,F138831,5490.00,1550.00,simulado_con_referencia_minorista
D0000534,V000007,P007,F138832,332940.00,1331.69,simulado_con_referencia_minorista
D0000535,V000007,P001,F138833,88782.20,659.00,simulado_con_referencia_minorista
D0000536,V000007,P002,F138834,47390.00,1336.02,simulado_con_referencia_minorista
D0000537,V000007,P003,F138835,135650.00,1488.09,simulado_con_referencia_minorista
D0000538,V000163,P001,F142973,87214.00,514.90,simulado_con_referencia_minorista
D0000539,V000163,P003,F142974,34920.00,1481.00,simulado_con_referencia_minorista
D0000540,V000163,P002,F142975,54040.00,1302.00,simulado_con_referencia_minorista
D0000541,V000163,P006,F142976,55960.00,1555.00,simulado_con_referencia_minorista
D0000542,V000163,P007,F142977,183360.00,1329.00,simulado_con_referencia_minorista
D0000543,V000163,P004,F142978,2650.00,1302.00,simulado_con_referencia_minorista
D0000544,V000199,P005,F144064,147990.00,1360.41,simulado_con_referencia_minorista
D0000545,V000199,P006,F144065,54770.00,1608.90,simulado_con_referencia_minorista
D0000546,V000199,P002,F144066,244850.00,1328.66,simulado_con_referencia_minorista
D0000547,V000199,P003,F144067,132230.00,1498.10,simulado_con_referencia_minorista
D0000548,V000199,P004,F144069,9900.00,1433.71,simulado_con_referencia_minorista
D0000549,V000199,P001,F144070,58445.90,750.00,simulado_con_referencia_minorista
D0000550,V000031,P002,F146954,197000.00,1349.01,simulado_con_referencia_minorista
D0000551,V000031,P003,F146955,31100.00,1566.98,simulado_con_referencia_minorista
D0000552,V000031,P007,F146956,110180.00,1356.02,simulado_con_referencia_minorista
D0000553,V000031,P006,F146957,6290.00,1533.00,simulado_con_referencia_minorista
D0000554,V000187,P002,F148006,77330.00,1374.55,simulado_con_referencia_minorista
D0000555,V000187,P006,F148007,10420.00,1549.57,simulado_con_referencia_minorista
D0000556,V000187,P003,F148008,29470.00,1545.18,simulado_con_referencia_minorista
D0000557,V000187,P007,F148009,57480.00,1344.79,simulado_con_referencia_minorista
D0000558,V000043,P007,F148221,116390.00,1367.67,simulado_con_referencia_minorista
D0000559,V000043,P002,F148224,32040.00,1467.03,simulado_con_referencia_minorista
D0000560,V000043,P006,F148225,16860.00,1661.36,simulado_con_referencia_minorista
D0000561,V000043,P003,F148227,16360.00,1679.35,simulado_con_referencia_minorista
D0000562,V000103,P006,F149233,4000.00,1699.00,simulado_con_referencia_minorista
D0000563,V000103,P002,F149234,36000.00,1491.00,simulado_con_referencia_minorista
D0000564,V000103,P003,F149235,6000.00,1733.00,simulado_con_referencia_minorista
D0000565,V000103,P007,F149238,63000.00,1438.00,simulado_con_referencia_minorista
D0000566,V000079,P007,F149335,226930.00,1340.00,simulado_con_referencia_minorista
D0000567,V000079,P006,F149336,28540.00,1569.00,simulado_con_referencia_minorista
D0000568,V000079,P002,F149337,128880.00,1379.00,simulado_con_referencia_minorista
D0000569,V000079,P003,F149338,82710.00,1581.00,simulado_con_referencia_minorista
D0000570,V000127,P003,F149917,307790.00,1481.43,simulado_con_referencia_minorista
D0000571,V000127,P001,F149920,97841.90,699.00,simulado_con_referencia_minorista
D0000572,V000127,P006,F149923,153330.00,1523.24,simulado_con_referencia_minorista
D0000573,V000127,P005,F149924,265280.00,1327.33,simulado_con_referencia_minorista
D0000574,V000127,P002,F149926,296620.00,1339.41,simulado_con_referencia_minorista
D0000575,V000139,P007,F151188,279550.00,1344.39,simulado_con_referencia_minorista
D0000576,V000139,P006,F151189,123740.00,1547.33,simulado_con_referencia_minorista
D0000577,V000139,P001,F151190,149836.00,672.01,simulado_con_referencia_minorista
D0000578,V000139,P002,F151191,919490.00,1355.84,simulado_con_referencia_minorista
D0000579,V000139,P003,F151192,344080.00,1502.91,simulado_con_referencia_minorista
D0000580,V000055,P003,F151262,66270.00,1567.00,simulado_con_referencia_minorista
D0000581,V000055,P002,F151263,81160.00,1367.00,simulado_con_referencia_minorista
D0000582,V000055,P007,F151264,197890.00,1327.00,simulado_con_referencia_minorista
D0000583,V000055,P006,F151265,49800.00,1560.00,simulado_con_referencia_minorista
D0000584,V000176,P005,F152909,196350.00,1423.46,simulado_con_referencia_minorista
D0000585,V000176,P003,F152910,37000.00,1584.06,simulado_con_referencia_minorista
D0000586,V000176,P006,F152911,77630.00,1658.33,simulado_con_referencia_minorista
D0000587,V000176,P001,F152912,80956.90,509.00,simulado_con_referencia_minorista
D0000588,V000176,P002,F152913,53340.00,1383.35,simulado_con_referencia_minorista
D0000589,V000212,P002,F155522,45970.00,1530.00,simulado_con_referencia_minorista
D0000590,V000212,P005,F155523,18630.00,1449.00,simulado_con_referencia_minorista
D0000591,V000212,P003,F155524,23300.00,1757.00,simulado_con_referencia_minorista
D0000592,V000212,P006,F155525,5950.00,1739.00,simulado_con_referencia_minorista
D0000593,V000020,P007,F155772,177920.00,1480.67,simulado_con_referencia_minorista
D0000594,V000020,P006,F155773,93280.00,1763.95,simulado_con_referencia_minorista
D0000595,V000020,P002,F155774,13350.00,1586.33,simulado_con_referencia_minorista
D0000596,V000020,P003,F155775,68910.00,1795.01,simulado_con_referencia_minorista
D0000597,V000152,P005,F157347,34030.00,1728.52,simulado_con_referencia_minorista
D0000598,V000152,P002,F157348,9650.00,1525.61,simulado_con_referencia_minorista
D0000599,V000152,P003,F157349,14720.00,1749.45,simulado_con_referencia_minorista
D0000600,V000152,P007,F157350,103040.00,1461.81,simulado_con_referencia_minorista
D0000601,V000116,P005,F157856,229390.00,1333.50,simulado_con_referencia_minorista
D0000602,V000116,P001,F157857,115101.00,569.00,simulado_con_referencia_minorista
D0000603,V000116,P002,F157858,56820.00,1309.83,simulado_con_referencia_minorista
D0000604,V000116,P003,F157859,32550.00,1511.17,simulado_con_referencia_minorista
D0000605,V000116,P006,F157860,67090.00,1565.13,simulado_con_referencia_minorista
D0000606,V000068,P002,F158528,125500.00,1408.60,simulado_con_referencia_minorista
D0000607,V000068,P007,F158529,335970.00,1401.14,simulado_con_referencia_minorista
D0000608,V000068,P003,F158530,118620.00,1565.70,simulado_con_referencia_minorista
D0000609,V000068,P004,F158531,2500.00,1390.46,simulado_con_referencia_minorista
D0000610,V000068,P006,F158532,74840.00,1620.88,simulado_con_referencia_minorista
D0000611,V000068,P001,F158533,124340.00,879.00,simulado_con_referencia_minorista
D0000612,V000092,P003,F158803,30570.00,1656.95,simulado_con_referencia_minorista
D0000613,V000092,P005,F158804,7740.00,1630.72,simulado_con_referencia_minorista
D0000614,V000092,P002,F158805,48360.00,1454.36,simulado_con_referencia_minorista
D0000615,V000092,P007,F158806,55460.00,1404.65,simulado_con_referencia_minorista
D0000616,V000008,P003,F160579,142950.00,1560.40,simulado_con_referencia_minorista
D0000617,V000008,P002,F160580,52580.00,1396.97,simulado_con_referencia_minorista
D0000618,V000008,P006,F160581,180930.00,1587.12,simulado_con_referencia_minorista
D0000619,V000008,P004,F160582,4050.00,1589.28,simulado_con_referencia_minorista
D0000620,V000008,P001,F160583,86938.10,667.95,simulado_con_referencia_minorista
D0000621,V000008,P007,F160584,325210.00,1394.58,simulado_con_referencia_minorista
D0000622,V000164,P003,F164705,33930.00,1539.98,simulado_con_referencia_minorista
D0000623,V000164,P007,F164706,188400.00,1373.55,simulado_con_referencia_minorista
D0000624,V000164,P001,F164707,83081.00,526.29,simulado_con_referencia_minorista
D0000625,V000164,P002,F164708,56330.00,1346.00,simulado_con_referencia_minorista
D0000626,V000164,P006,F164709,49420.00,1615.06,simulado_con_referencia_minorista
D0000627,V000164,P004,F164710,1820.00,1349.75,simulado_con_referencia_minorista
D0000628,V000200,P006,F165787,54210.00,1658.41,simulado_con_referencia_minorista
D0000629,V000200,P001,F165788,60544.00,778.19,simulado_con_referencia_minorista
D0000630,V000200,P002,F165791,214790.00,1468.19,simulado_con_referencia_minorista
D0000631,V000200,P007,F165794,139020.00,1430.57,simulado_con_referencia_minorista
D0000632,V000200,P004,F165795,6890.00,1435.23,simulado_con_referencia_minorista
D0000633,V000200,P003,F165796,124970.00,1505.49,simulado_con_referencia_minorista
D0000634,V000032,P003,F168565,29470.00,1563.00,simulado_con_referencia_minorista
D0000635,V000032,P007,F168566,106500.00,1422.07,simulado_con_referencia_minorista
D0000636,V000032,P002,F168567,183780.00,1476.00,simulado_con_referencia_minorista
D0000637,V000032,P006,F168568,6300.00,1674.99,simulado_con_referencia_minorista
D0000638,V000188,P003,F169611,25220.00,1629.86,simulado_con_referencia_minorista
D0000639,V000188,P007,F169612,55100.00,1425.28,simulado_con_referencia_minorista
D0000640,V000188,P006,F169613,13630.00,1648.58,simulado_con_referencia_minorista
D0000641,V000188,P002,F169614,83090.00,1468.69,simulado_con_referencia_minorista
D0000642,V000044,P002,F169845,35630.00,1517.68,simulado_con_referencia_minorista
D0000643,V000044,P006,F169850,18840.00,1721.17,simulado_con_referencia_minorista
D0000644,V000044,P007,F169855,113760.00,1434.37,simulado_con_referencia_minorista
D0000645,V000044,P003,F169857,22380.00,1727.15,simulado_con_referencia_minorista
D0000646,V000104,P002,F170851,38000.00,1593.00,simulado_con_referencia_minorista
D0000647,V000104,P007,F170852,56000.00,1606.00,simulado_con_referencia_minorista
D0000648,V000104,P006,F170855,2500.00,1835.00,simulado_con_referencia_minorista
D0000649,V000104,P003,F170856,4000.00,1864.00,simulado_con_referencia_minorista
D0000650,V000080,P003,F170954,135310.00,1669.00,simulado_con_referencia_minorista
D0000651,V000080,P006,F170955,33990.00,1652.00,simulado_con_referencia_minorista
D0000652,V000080,P007,F170956,254410.00,1419.00,simulado_con_referencia_minorista
D0000653,V000080,P002,F170957,84940.00,1465.00,simulado_con_referencia_minorista
D0000654,V000128,P003,F171556,269940.00,1552.04,simulado_con_referencia_minorista
D0000655,V000128,P006,F171557,145230.00,1589.09,simulado_con_referencia_minorista
D0000656,V000128,P002,F171560,236490.00,1405.74,simulado_con_referencia_minorista
D0000657,V000128,P001,F171561,99811.40,699.00,simulado_con_referencia_minorista
D0000658,V000128,P007,F171564,248320.00,1383.69,simulado_con_referencia_minorista
D0000659,V000140,P007,F172815,275900.00,1419.07,simulado_con_referencia_minorista
D0000660,V000140,P003,F172818,324120.00,1581.15,simulado_con_referencia_minorista
D0000661,V000140,P006,F172819,122110.00,1636.44,simulado_con_referencia_minorista
D0000662,V000140,P002,F172820,821820.00,1426.53,simulado_con_referencia_minorista
D0000663,V000140,P001,F172822,150356.00,672.01,simulado_con_referencia_minorista
D0000664,V000056,P003,F172892,73930.00,1658.00,simulado_con_referencia_minorista
D0000665,V000056,P007,F172893,205010.00,1429.00,simulado_con_referencia_minorista
D0000666,V000056,P006,F172894,50710.00,1662.00,simulado_con_referencia_minorista
D0000667,V000056,P002,F172895,88580.00,1471.00,simulado_con_referencia_minorista
D0000668,V000177,P002,F174551,54910.00,1446.00,simulado_con_referencia_minorista
D0000669,V000177,P006,F174552,73950.00,1732.00,simulado_con_referencia_minorista
D0000670,V000177,P003,F174553,38110.00,1667.00,simulado_con_referencia_minorista
D0000671,V000177,P001,F174554,85977.00,549.00,simulado_con_referencia_minorista
D0000672,V000177,P007,F174555,187630.00,1490.00,simulado_con_referencia_minorista
D0000673,V000213,P002,F177160,41510.00,1620.00,simulado_con_referencia_minorista
D0000674,V000213,P007,F177161,21950.00,1541.00,simulado_con_referencia_minorista
D0000675,V000213,P003,F177162,15630.00,1855.00,simulado_con_referencia_minorista
D0000676,V000213,P006,F177163,4830.00,1840.00,simulado_con_referencia_minorista
D0000677,V000021,P007,F177408,168320.00,1533.20,simulado_con_referencia_minorista
D0000678,V000021,P003,F177409,70410.00,1839.66,simulado_con_referencia_minorista
D0000679,V000021,P002,F177410,13110.00,1608.17,simulado_con_referencia_minorista
D0000680,V000021,P006,F177411,90660.00,1816.86,simulado_con_referencia_minorista
D0000681,V000153,P007,F179017,98860.00,1537.00,simulado_con_referencia_minorista
D0000682,V000153,P002,F179018,8750.00,1596.47,simulado_con_referencia_minorista
D0000683,V000153,P006,F179019,34790.00,1816.37,simulado_con_referencia_minorista
D0000684,V000153,P003,F179020,13000.00,1831.73,simulado_con_referencia_minorista
D0000685,V000117,P002,F179534,55610.00,1360.77,simulado_con_referencia_minorista
D0000686,V000117,P001,F179535,115691.00,589.00,simulado_con_referencia_minorista
D0000687,V000117,P007,F179536,226440.00,1391.10,simulado_con_referencia_minorista
D0000688,V000117,P003,F179537,65580.00,1565.00,simulado_con_referencia_minorista
D0000689,V000117,P006,F179538,34840.00,1629.47,simulado_con_referencia_minorista
D0000690,V000069,P002,F180193,125570.00,1479.72,simulado_con_referencia_minorista
D0000691,V000069,P006,F180194,71000.00,1702.16,simulado_con_referencia_minorista
D0000692,V000069,P007,F180195,326430.00,1463.46,simulado_con_referencia_minorista
D0000693,V000069,P003,F180196,117040.00,1639.57,simulado_con_referencia_minorista
D0000694,V000069,P001,F180197,133680.00,879.00,simulado_con_referencia_minorista
D0000695,V000069,P004,F180198,2260.00,1437.00,simulado_con_referencia_minorista
D0000696,V000093,P007,F180463,52450.00,1456.68,simulado_con_referencia_minorista
D0000697,V000093,P002,F180464,45010.00,1519.52,simulado_con_referencia_minorista
D0000698,V000093,P006,F180465,6320.00,1680.62,simulado_con_referencia_minorista
D0000699,V000093,P003,F180466,20140.00,1717.36,simulado_con_referencia_minorista
D0000700,V000009,P003,F182234,148590.00,1644.39,simulado_con_referencia_minorista
D0000701,V000009,P004,F182235,5180.00,1581.75,simulado_con_referencia_minorista
D0000702,V000009,P007,F182236,321640.00,1466.61,simulado_con_referencia_minorista
D0000703,V000009,P006,F182237,177190.00,1689.43,simulado_con_referencia_minorista
D0000704,V000009,P001,F182238,87834.60,669.00,simulado_con_referencia_minorista
D0000705,V000009,P002,F182239,57770.00,1461.89,simulado_con_referencia_minorista
D0000706,V000165,P001,F186371,84867.00,554.80,simulado_con_referencia_minorista
D0000707,V000165,P007,F186372,186930.00,1423.48,simulado_con_referencia_minorista
D0000708,V000165,P006,F186373,48840.00,1675.19,simulado_con_referencia_minorista
D0000709,V000165,P003,F186374,34590.00,1603.62,simulado_con_referencia_minorista
D0000710,V000165,P004,F186375,1610.00,1401.15,simulado_con_referencia_minorista
D0000711,V000165,P002,F186376,56180.00,1397.71,simulado_con_referencia_minorista
D0000712,V000201,P006,F187455,48780.00,1737.46,simulado_con_referencia_minorista
D0000713,V000201,P002,F187456,196870.00,1538.80,simulado_con_referencia_minorista
D0000714,V000201,P003,F187458,125420.00,1603.12,simulado_con_referencia_minorista
D0000715,V000201,P004,F187459,3730.00,1501.34,simulado_con_referencia_minorista
D0000716,V000201,P001,F187460,55984.00,799.00,simulado_con_referencia_minorista
D0000717,V000201,P007,F187461,144980.00,1502.75,simulado_con_referencia_minorista
D0000718,V000033,P003,F190337,29080.00,1733.00,simulado_con_referencia_minorista
D0000719,V000033,P006,F190338,4850.00,1762.00,simulado_con_referencia_minorista
D0000720,V000033,P007,F190339,101610.00,1499.03,simulado_con_referencia_minorista
D0000721,V000033,P002,F190340,157050.00,1514.00,simulado_con_referencia_minorista
D0000722,V000189,P006,F191394,13340.00,1759.15,simulado_con_referencia_minorista
D0000723,V000189,P001,F191395,33746.90,780.00,simulado_con_referencia_minorista
D0000724,V000189,P003,F191396,22880.00,1704.15,simulado_con_referencia_minorista
D0000725,V000189,P007,F191397,63290.00,1496.34,simulado_con_referencia_minorista
D0000726,V000189,P002,F191398,101150.00,1539.55,simulado_con_referencia_minorista
D0000727,V000045,P007,F191628,111360.00,1516.51,simulado_con_referencia_minorista
D0000728,V000045,P003,F191631,21850.00,1787.61,simulado_con_referencia_minorista
D0000729,V000045,P002,F191634,37690.00,1592.59,simulado_con_referencia_minorista
D0000730,V000045,P006,F191641,17610.00,1780.20,simulado_con_referencia_minorista
D0000731,V000105,P003,F192641,6000.00,1842.00,simulado_con_referencia_minorista
D0000732,V000105,P002,F192642,36000.00,1610.00,simulado_con_referencia_minorista
D0000733,V000105,P006,F192643,3700.00,1827.00,simulado_con_referencia_minorista
D0000734,V000105,P007,F192645,102900.00,1535.00,simulado_con_referencia_minorista
D0000735,V000081,P002,F192780,78360.00,1510.00,simulado_con_referencia_minorista
D0000736,V000081,P005,F192781,27810.00,1708.00,simulado_con_referencia_minorista
D0000737,V000081,P003,F192782,129910.00,1724.00,simulado_con_referencia_minorista
D0000738,V000081,P007,F192783,228350.00,1491.00,simulado_con_referencia_minorista
D0000739,V000129,P001,F193338,94634.70,699.00,simulado_con_referencia_minorista
D0000740,V000129,P007,F193342,230370.00,1461.57,simulado_con_referencia_minorista
D0000741,V000129,P003,F193345,284350.00,1623.41,simulado_con_referencia_minorista
D0000742,V000129,P002,F193346,280020.00,1475.09,simulado_con_referencia_minorista
D0000743,V000129,P006,F193347,130360.00,1679.00,simulado_con_referencia_minorista
D0000744,V000141,P006,F194620,120110.00,1702.02,simulado_con_referencia_minorista
D0000745,V000141,P002,F194621,648970.00,1496.92,simulado_con_referencia_minorista
D0000746,V000141,P001,F194623,150744.00,672.02,simulado_con_referencia_minorista
D0000747,V000141,P007,F194625,278790.00,1491.18,simulado_con_referencia_minorista
D0000748,V000141,P003,F194626,292370.00,1659.27,simulado_con_referencia_minorista
D0000749,V000057,P002,F194696,77040.00,1518.00,simulado_con_referencia_minorista
D0000750,V000057,P006,F194697,47120.00,1708.00,simulado_con_referencia_minorista
D0000751,V000057,P003,F194698,70140.00,1729.00,simulado_con_referencia_minorista
D0000752,V000057,P007,F194699,194840.00,1481.00,simulado_con_referencia_minorista
D0000753,V000178,P007,F196360,198730.00,1525.00,simulado_con_referencia_minorista
D0000754,V000178,P006,F196361,70050.00,1774.00,simulado_con_referencia_minorista
D0000755,V000178,P003,F196362,38810.00,1702.00,simulado_con_referencia_minorista
D0000756,V000178,P002,F196363,56990.00,1489.00,simulado_con_referencia_minorista
D0000757,V000178,P001,F196364,89001.00,549.00,simulado_con_referencia_minorista
D0000758,V000214,P007,F198964,24530.00,1583.00,simulado_con_referencia_minorista
D0000759,V000214,P002,F198965,36410.00,1659.00,simulado_con_referencia_minorista
D0000760,V000214,P006,F198966,5880.00,1894.00,simulado_con_referencia_minorista
D0000761,V000214,P003,F198967,15650.00,1932.00,simulado_con_referencia_minorista
D0000762,V000022,P002,F199212,13510.00,1640.46,simulado_con_referencia_minorista
D0000763,V000022,P007,F199213,173690.00,1564.85,simulado_con_referencia_minorista
D0000764,V000022,P006,F199214,96450.00,1857.72,simulado_con_referencia_minorista
D0000765,V000022,P003,F199215,63250.00,1875.78,simulado_con_referencia_minorista
D0000766,V000154,P006,F200819,35380.00,1860.84,simulado_con_referencia_minorista
D0000767,V000154,P003,F200820,14860.00,1880.32,simulado_con_referencia_minorista
D0000768,V000154,P007,F200821,107870.00,1577.58,simulado_con_referencia_minorista
D0000769,V000154,P002,F200822,8490.00,1629.48,simulado_con_referencia_minorista
D0000770,V000118,P001,F201333,115961.00,589.00,simulado_con_referencia_minorista
D0000771,V000118,P003,F201334,35380.00,1604.00,simulado_con_referencia_minorista
D0000772,V000118,P006,F201335,67460.00,1676.00,simulado_con_referencia_minorista
D0000773,V000118,P007,F201336,251320.00,1430.00,simulado_con_referencia_minorista
D0000774,V000118,P002,F201337,50410.00,1396.00,simulado_con_referencia_minorista
D0000775,V000070,P006,F202006,73310.00,1765.63,simulado_con_referencia_minorista
D0000776,V000070,P002,F202007,127920.00,1532.55,simulado_con_referencia_minorista
D0000777,V000070,P001,F202008,136950.00,879.00,simulado_con_referencia_minorista
D0000778,V000070,P007,F202009,352380.00,1504.56,simulado_con_referencia_minorista
D0000779,V000070,P003,F202010,143060.00,1696.13,simulado_con_referencia_minorista
D0000780,V000070,P004,F202011,1600.00,1473.00,simulado_con_referencia_minorista
D0000781,V000094,P003,F202274,19840.00,1748.90,simulado_con_referencia_minorista
D0000782,V000094,P002,F202275,45790.00,1551.48,simulado_con_referencia_minorista
D0000783,V000094,P007,F202276,57750.00,1521.92,simulado_con_referencia_minorista
D0000784,V000094,P006,F202277,6120.00,1724.00,simulado_con_referencia_minorista
D0000785,V000010,P007,F204031,344940.00,1517.35,simulado_con_referencia_minorista
D0000786,V000010,P006,F204032,189700.00,1747.19,simulado_con_referencia_minorista
D0000787,V000010,P001,F204033,96310.40,669.00,simulado_con_referencia_minorista
D0000788,V000010,P003,F204034,157860.00,1698.43,simulado_con_referencia_minorista
D0000789,V000010,P002,F204035,49010.00,1516.56,simulado_con_referencia_minorista
D0000790,V000010,P004,F204036,3880.00,1600.00,simulado_con_referencia_minorista
D0000791,V000166,P007,F208163,202560.00,1473.80,simulado_con_referencia_minorista
D0000792,V000166,P006,F208164,47900.00,1728.73,simulado_con_referencia_minorista
D0000793,V000166,P001,F208165,86820.00,569.00,simulado_con_referencia_minorista
D0000794,V000166,P004,F208166,1210.00,1439.35,simulado_con_referencia_minorista
D0000795,V000166,P002,F208167,52830.00,1444.67,simulado_con_referencia_minorista
D0000796,V000166,P003,F208168,34730.00,1663.75,simulado_con_referencia_minorista
D0000797,V000202,P002,F209245,208910.00,1594.81,simulado_con_referencia_minorista
D0000798,V000202,P006,F209247,51240.00,1796.26,simulado_con_referencia_minorista
D0000799,V000202,P003,F209249,135420.00,1707.68,simulado_con_referencia_minorista
D0000800,V000202,P001,F209250,59503.00,799.00,simulado_con_referencia_minorista
D0000801,V000202,P007,F209252,158110.00,1564.06,simulado_con_referencia_minorista
D0000802,V000202,P004,F209253,2830.00,1577.38,simulado_con_referencia_minorista
D0000803,V000034,P007,F212095,98190.00,1525.00,simulado_con_referencia_minorista
D0000804,V000034,P006,F212096,5160.00,1782.00,simulado_con_referencia_minorista
D0000805,V000034,P002,F212097,146970.00,1558.00,simulado_con_referencia_minorista
D0000806,V000034,P003,F212098,29150.00,1777.00,simulado_con_referencia_minorista
D0000807,V000190,P003,F213135,23890.00,1768.70,simulado_con_referencia_minorista
D0000808,V000190,P001,F213136,46914.80,780.00,simulado_con_referencia_minorista
D0000809,V000190,P002,F213137,98600.00,1595.17,simulado_con_referencia_minorista
D0000810,V000190,P006,F213138,12990.00,1831.06,simulado_con_referencia_minorista
D0000811,V000190,P007,F213139,70900.00,1553.36,simulado_con_referencia_minorista
D0000812,V000046,P002,F213365,36970.00,1705.40,simulado_con_referencia_minorista
D0000813,V000046,P007,F213369,113330.00,1582.50,simulado_con_referencia_minorista
D0000814,V000046,P006,F213371,16450.00,1876.74,simulado_con_referencia_minorista
D0000815,V000046,P003,F213372,22980.00,1930.97,simulado_con_referencia_minorista
D0000816,V000106,P006,F214377,6000.00,1882.00,simulado_con_referencia_minorista
D0000817,V000106,P002,F214378,24000.00,1648.00,simulado_con_referencia_minorista
D0000818,V000106,P007,F214379,107900.00,1571.00,simulado_con_referencia_minorista
D0000819,V000106,P003,F214380,6000.00,1888.00,simulado_con_referencia_minorista
D0000820,V000082,P003,F214483,86650.00,1780.00,simulado_con_referencia_minorista
D0000821,V000082,P006,F214484,29160.00,1742.00,simulado_con_referencia_minorista
D0000822,V000082,P007,F214485,253110.00,1524.00,simulado_con_referencia_minorista
D0000823,V000082,P002,F214486,165450.00,1550.00,simulado_con_referencia_minorista
D0000824,V000130,P001,F215081,99904.50,699.00,simulado_con_referencia_minorista
D0000825,V000130,P006,F215084,145860.00,1706.95,simulado_con_referencia_minorista
D0000826,V000130,P007,F215086,259400.00,1467.35,simulado_con_referencia_minorista
D0000827,V000130,P002,F215087,295880.00,1465.14,simulado_con_referencia_minorista
D0000828,V000130,P003,F215090,302130.00,1662.34,simulado_con_referencia_minorista
D0000829,V000142,P006,F216344,125110.00,1769.40,simulado_con_referencia_minorista
D0000830,V000142,P003,F216345,296060.00,1712.56,simulado_con_referencia_minorista
D0000831,V000142,P007,F216346,292510.00,1550.19,simulado_con_referencia_minorista
D0000832,V000142,P002,F216349,708930.00,1533.02,simulado_con_referencia_minorista
D0000833,V000142,P001,F216351,146809.00,672.00,simulado_con_referencia_minorista
D0000834,V000058,P006,F216421,50630.00,1758.00,simulado_con_referencia_minorista
D0000835,V000058,P003,F216422,71980.00,1772.00,simulado_con_referencia_minorista
D0000836,V000058,P002,F216423,80210.00,1571.00,simulado_con_referencia_minorista
D0000837,V000058,P007,F216424,208930.00,1530.00,simulado_con_referencia_minorista
D0000838,V000179,P002,F218090,50100.00,1675.00,simulado_con_referencia_minorista
D0000839,V000179,P003,F218091,38650.00,1842.00,simulado_con_referencia_minorista
D0000840,V000179,P007,F218092,176850.00,1676.00,simulado_con_referencia_minorista
D0000841,V000179,P006,F218093,79390.00,1929.00,simulado_con_referencia_minorista
D0000842,V000179,P001,F218094,82619.00,549.00,simulado_con_referencia_minorista
D0000843,V000215,P006,F220706,5590.00,1946.00,simulado_con_referencia_minorista
D0000844,V000215,P007,F220707,20200.00,1665.00,simulado_con_referencia_minorista
D0000845,V000215,P002,F220708,35460.00,1742.00,simulado_con_referencia_minorista
D0000846,V000215,P003,F220709,18950.00,2014.00,simulado_con_referencia_minorista
D0000847,V000023,P006,F220942,84970.00,1960.43,simulado_con_referencia_minorista
D0000848,V000023,P007,F220943,164160.00,1659.08,simulado_con_referencia_minorista
D0000849,V000023,P003,F220944,62630.00,1963.34,simulado_con_referencia_minorista
D0000850,V000023,P002,F220945,11990.00,1701.79,simulado_con_referencia_minorista
D0000851,V000155,P007,F222534,114290.00,1664.03,simulado_con_referencia_minorista
D0000852,V000155,P006,F222535,33120.00,1924.80,simulado_con_referencia_minorista
D0000853,V000155,P002,F222536,8190.00,1707.33,simulado_con_referencia_minorista
D0000854,V000155,P003,F222537,14770.00,1952.23,simulado_con_referencia_minorista
D0000855,V000119,P001,F223049,120194.00,599.00,simulado_con_referencia_minorista
D0000856,V000119,P006,F223050,66890.00,1703.00,simulado_con_referencia_minorista
D0000857,V000119,P003,F223051,37100.00,1637.00,simulado_con_referencia_minorista
D0000858,V000119,P002,F223052,50620.00,1505.00,simulado_con_referencia_minorista
D0000859,V000119,P007,F223053,219050.00,1613.00,simulado_con_referencia_minorista
D0000860,V000071,P002,F223718,141040.00,1626.94,simulado_con_referencia_minorista
D0000861,V000071,P007,F223719,327020.00,1582.38,simulado_con_referencia_minorista
D0000862,V000071,P003,F223720,129060.00,1774.84,simulado_con_referencia_minorista
D0000863,V000071,P004,F223721,1710.00,1473.00,simulado_con_referencia_minorista
D0000864,V000071,P006,F223722,76070.00,1823.18,simulado_con_referencia_minorista
D0000865,V000071,P001,F223723,126960.00,879.00,simulado_con_referencia_minorista
D0000866,V000095,P007,F223989,56310.00,1608.84,simulado_con_referencia_minorista
D0000867,V000095,P002,F223990,48490.00,1636.55,simulado_con_referencia_minorista
D0000868,V000095,P006,F223991,5740.00,1824.11,simulado_con_referencia_minorista
D0000869,V000095,P003,F223992,20890.00,1835.63,simulado_con_referencia_minorista
D0000870,V000011,P003,F225767,162130.00,1777.62,simulado_con_referencia_minorista
D0000871,V000011,P002,F225768,19840.00,1585.06,simulado_con_referencia_minorista
D0000872,V000011,P006,F225769,183070.00,1831.14,simulado_con_referencia_minorista
D0000873,V000011,P007,F225770,325000.00,1613.67,simulado_con_referencia_minorista
D0000874,V000011,P001,F225771,91813.90,674.29,simulado_con_referencia_minorista
D0000875,V000011,P004,F225772,3790.00,1617.89,simulado_con_referencia_minorista
D0000876,V000167,P007,F229896,181270.00,1606.01,simulado_con_referencia_minorista
D0000877,V000167,P002,F229897,52110.00,1578.02,simulado_con_referencia_minorista
D0000878,V000167,P003,F229898,34310.00,1770.78,simulado_con_referencia_minorista
D0000879,V000167,P001,F229899,83027.00,569.00,simulado_con_referencia_minorista
D0000880,V000167,P006,F229900,46600.00,1855.11,simulado_con_referencia_minorista
D0000881,V000167,P004,F229901,1290.00,1564.91,simulado_con_referencia_minorista
D0000882,V000203,P003,F230977,116060.00,1678.61,simulado_con_referencia_minorista
D0000883,V000203,P004,F230978,2560.00,1634.90,simulado_con_referencia_minorista
D0000884,V000203,P006,F230981,48520.00,1863.84,simulado_con_referencia_minorista
D0000885,V000203,P002,F230984,221740.00,1680.02,simulado_con_referencia_minorista
D0000886,V000203,P007,F230985,143400.00,1646.60,simulado_con_referencia_minorista
D0000887,V000203,P001,F230986,52950.00,799.00,simulado_con_referencia_minorista
D0000888,V000035,P003,F233803,24720.00,1945.98,simulado_con_referencia_minorista
D0000889,V000035,P007,F233804,98150.00,1675.00,simulado_con_referencia_minorista
D0000890,V000035,P006,F233805,4280.00,1875.04,simulado_con_referencia_minorista
D0000891,V000035,P002,F233806,141560.00,1669.00,simulado_con_referencia_minorista
D0000892,V000191,P005,F234848,69180.00,1644.62,simulado_con_referencia_minorista
D0000893,V000191,P001,F234849,46144.00,783.52,simulado_con_referencia_minorista
D0000894,V000191,P006,F234850,12400.00,1921.37,simulado_con_referencia_minorista
D0000895,V000191,P003,F234851,21350.00,1862.32,simulado_con_referencia_minorista
D0000896,V000191,P002,F234852,88310.00,1677.23,simulado_con_referencia_minorista
D0000897,V000047,P006,F235087,15360.00,1939.02,simulado_con_referencia_minorista
D0000898,V000047,P002,F235092,28010.00,1798.31,simulado_con_referencia_minorista
D0000899,V000047,P003,F235095,21390.00,1990.47,simulado_con_referencia_minorista
D0000900,V000047,P007,F235100,109920.00,1648.07,simulado_con_referencia_minorista
D0000901,V000107,P007,F236100,107900.00,1714.00,simulado_con_referencia_minorista
D0000902,V000107,P002,F236101,30000.00,1768.00,simulado_con_referencia_minorista
D0000903,V000107,P006,F236103,4200.00,1995.00,simulado_con_referencia_minorista
D0000904,V000107,P003,F236105,6000.00,1999.00,simulado_con_referencia_minorista
D0000905,V000083,P006,F236202,29730.00,1893.00,simulado_con_referencia_minorista
D0000906,V000083,P003,F236203,81050.00,1903.00,simulado_con_referencia_minorista
D0000907,V000083,P007,F236204,242910.00,1708.00,simulado_con_referencia_minorista
D0000908,V000083,P002,F236205,143860.00,1735.00,simulado_con_referencia_minorista
D0000909,V000131,P003,F236805,256810.00,1662.34,simulado_con_referencia_minorista
D0000910,V000131,P006,F236807,123970.00,1770.00,simulado_con_referencia_minorista
D0000911,V000131,P002,F236808,251500.00,1465.14,simulado_con_referencia_minorista
D0000912,V000131,P007,F236812,220490.00,1467.35,simulado_con_referencia_minorista
D0000913,V000131,P001,F236813,84918.80,699.00,simulado_con_referencia_minorista
D0000914,V000143,P002,F238070,681630.00,1648.87,simulado_con_referencia_minorista
D0000915,V000143,P007,F238071,290750.00,1639.28,simulado_con_referencia_minorista
D0000916,V000143,P003,F238072,277410.00,1789.31,simulado_con_referencia_minorista
D0000917,V000143,P001,F238073,150234.00,672.94,simulado_con_referencia_minorista
D0000918,V000143,P006,F238075,122360.00,1848.94,simulado_con_referencia_minorista
D0000919,V000059,P007,F238146,192190.00,1668.00,simulado_con_referencia_minorista
D0000920,V000059,P006,F238147,47360.00,1881.00,simulado_con_referencia_minorista
D0000921,V000059,P003,F238148,65930.00,1886.00,simulado_con_referencia_minorista
D0000922,V000059,P002,F238149,76330.00,1687.00,simulado_con_referencia_minorista
D0000923,V000180,P002,F239801,45140.00,1689.74,simulado_con_referencia_minorista
D0000924,V000180,P003,F239802,37930.00,1891.52,simulado_con_referencia_minorista
D0000925,V000180,P001,F239803,85487.00,599.00,simulado_con_referencia_minorista
D0000926,V000180,P006,F239804,82810.00,1903.00,simulado_con_referencia_minorista
D0000927,V000180,P007,F239805,181340.00,1690.00,simulado_con_referencia_minorista
D0000928,V000216,P003,F242413,14960.00,2167.00,simulado_con_referencia_minorista
D0000929,V000216,P002,F242414,27460.00,1905.00,simulado_con_referencia_minorista
D0000930,V000216,P006,F242415,5940.00,2087.00,simulado_con_referencia_minorista
D0000931,V000216,P007,F242416,15760.00,1790.00,simulado_con_referencia_minorista
D0000932,V000024,P002,F242649,10720.00,1784.13,simulado_con_referencia_minorista
D0000933,V000024,P006,F242650,88430.00,2046.12,simulado_con_referencia_minorista
D0000934,V000024,P003,F242651,58950.00,2035.11,simulado_con_referencia_minorista
D0000935,V000024,P007,F242652,154930.00,1766.53,simulado_con_referencia_minorista
D0000936,V000156,P007,F244241,106660.00,1816.03,simulado_con_referencia_minorista
D0000937,V000156,P002,F244242,7210.00,1847.19,simulado_con_referencia_minorista
D0000938,V000156,P003,F244243,15870.00,2059.55,simulado_con_referencia_minorista
D0000939,V000156,P006,F244244,35160.00,2050.68,simulado_con_referencia_minorista
D0000940,V000120,P002,F244750,35250.00,1612.00,simulado_con_referencia_minorista
D0000941,V000120,P006,F244751,79320.00,1823.00,simulado_con_referencia_minorista
D0000942,V000120,P007,F244752,222540.00,1637.00,simulado_con_referencia_minorista
D0000943,V000120,P001,F244753,128.84,599.00,simulado_con_referencia_minorista
D0000944,V000120,P003,F244754,35250.00,1837.00,simulado_con_referencia_minorista
D0000945,V000072,P003,F245427,159390.00,1877.02,simulado_con_referencia_minorista
D0000946,V000072,P002,F245428,125920.00,1717.44,simulado_con_referencia_minorista
D0000947,V000072,P004,F245429,1220.00,1473.00,simulado_con_referencia_minorista
D0000948,V000072,P006,F245430,84540.00,1863.91,simulado_con_referencia_minorista
D0000949,V000072,P001,F245431,128590.00,879.00,simulado_con_referencia_minorista
D0000950,V000072,P007,F245432,372700.00,1657.12,simulado_con_referencia_minorista
D0000951,V000096,P006,F245707,5520.00,1913.80,simulado_con_referencia_minorista
D0000952,V000096,P007,F245708,51510.00,1783.47,simulado_con_referencia_minorista
D0000953,V000096,P002,F245709,42050.00,1759.66,simulado_con_referencia_minorista
D0000954,V000096,P003,F245710,21440.00,1922.31,simulado_con_referencia_minorista
D0000955,V000012,P003,F247486,151090.00,1866.84,simulado_con_referencia_minorista
D0000956,V000012,P002,F247487,56560.00,1708.09,simulado_con_referencia_minorista
D0000957,V000012,P001,F247488,94697.60,714.40,simulado_con_referencia_minorista
D0000958,V000012,P006,F247489,206400.00,1889.61,simulado_con_referencia_minorista
D0000959,V000012,P007,F247490,361620.00,1684.84,simulado_con_referencia_minorista
D0000960,V000012,P004,F247491,3100.00,1800.00,simulado_con_referencia_minorista
D0000961,V000168,P002,F251645,53690.00,1173.42,simulado_con_referencia_minorista
D0000962,V000168,P001,F251646,85174.00,477.96,simulado_con_referencia_minorista
D0000963,V000168,P003,F251647,37890.00,1328.00,simulado_con_referencia_minorista
D0000964,V000168,P006,F251648,54460.00,1316.47,simulado_con_referencia_minorista
D0000965,V000168,P004,F251649,86000,1070.00,simulado_con_referencia_minorista
D0000966,V000168,P007,F251650,208140.00,1116.61,simulado_con_referencia_minorista
D0000967,V000204,P003,F252724,130720.00,1832.00,simulado_con_referencia_minorista
D0000968,V000204,P001,F252725,56325.00,799.00,simulado_con_referencia_minorista
D0000969,V000204,P004,F252727,2710.00,1661.95,simulado_con_referencia_minorista
D0000970,V000204,P007,F252728,166350.00,1659.53,simulado_con_referencia_minorista
D0000971,V000204,P002,F252732,246770.00,1777.68,simulado_con_referencia_minorista
D0000972,V000204,P006,F252733,58250.00,1880.54,simulado_con_referencia_minorista
D0000973,V000036,P003,F255497,25520.00,1950.00,simulado_con_referencia_minorista
D0000974,V000036,P007,F255498,111030.00,1697.00,simulado_con_referencia_minorista
D0000975,V000036,P002,F255499,124070.00,1743.00,simulado_con_referencia_minorista
D0000976,V000036,P006,F255500,5270.00,1956.00,simulado_con_referencia_minorista
D0000977,V000192,P001,F256551,44849.80,816.00,simulado_con_referencia_minorista
D0000978,V000192,P003,F256552,23250.00,1953.19,simulado_con_referencia_minorista
D0000979,V000192,P007,F256553,82280.00,1725.54,simulado_con_referencia_minorista
D0000980,V000192,P006,F256554,14850.00,1976.48,simulado_con_referencia_minorista
D0000981,V000192,P002,F256555,84320.00,1761.31,simulado_con_referencia_minorista
D0000982,V000048,P006,F256780,11910.00,2053.74,simulado_con_referencia_minorista
D0000983,V000048,P007,F256783,130520.00,1741.33,simulado_con_referencia_minorista
D0000984,V000048,P003,F256786,17170.00,2086.53,simulado_con_referencia_minorista
D0000985,V000048,P002,F256787,28650.00,1888.99,simulado_con_referencia_minorista
D0000986,V000108,P005,F257803,139700.00,1798.00,simulado_con_referencia_minorista
D0000987,V000108,P003,F257805,6000.00,2063.00,simulado_con_referencia_minorista
D0000988,V000108,P006,F257807,3800.00,2048.00,simulado_con_referencia_minorista
D0000989,V000108,P002,F257808,37000.00,1852.00,simulado_con_referencia_minorista
D0000990,V000084,P003,F257906,807860.00,1936.00,simulado_con_referencia_minorista
D0000991,V000084,P002,F257907,107880.00,1776.00,simulado_con_referencia_minorista
D0000992,V000084,P006,F257908,32230.00,1892.00,simulado_con_referencia_minorista
D0000993,V000084,P007,F257909,252170.00,1722.00,simulado_con_referencia_minorista
D0000994,V000132,P002,F258484,252890.00,1747.54,simulado_con_referencia_minorista
D0000995,V000132,P007,F258485,274010.00,1644.89,simulado_con_referencia_minorista
D0000996,V000132,P003,F258486,262890.00,1857.67,simulado_con_referencia_minorista
D0000997,V000132,P006,F258488,160380.00,1855.85,simulado_con_referencia_minorista
D0000998,V000132,P001,F258489,94940.60,699.00,simulado_con_referencia_minorista
D0000999,V000144,P003,F259745,268330.00,1875.21,simulado_con_referencia_minorista
D0001000,V000144,P007,F259747,307490.00,1717.49,simulado_con_referencia_minorista
D0001001,V000144,P002,F259749,645720.00,1763.15,simulado_con_referencia_minorista
D0001002,V000144,P001,F259751,157238.00,680.72,simulado_con_referencia_minorista
D0001003,V000144,P006,F259752,132260.00,1928.48,simulado_con_referencia_minorista
D0001004,V000060,P002,F259821,74830.00,1746.00,simulado_con_referencia_minorista
D0001005,V000060,P007,F259822,207170.00,1683.00,simulado_con_referencia_minorista
D0001006,V000060,P003,F259823,72480.00,1915.00,simulado_con_referencia_minorista
D0001007,V000060,P006,F259824,54970.00,1890.00,simulado_con_referencia_minorista
