id_detalle,campo,incidencia,recuperacion
D0000037,precio_unitario_ars,nulo_sintetico,COALESCE con precio de id_fuente; todos los pedidos usan ese precio por diseño
D0000174,precio_unitario_ars,nulo_sintetico,COALESCE con precio de id_fuente; todos los pedidos usan ese precio por diseño
D0000311,precio_unitario_ars,nulo_sintetico,COALESCE con precio de id_fuente; todos los pedidos usan ese precio por diseño
D0000448,precio_unitario_ars,nulo_sintetico,COALESCE con precio de id_fuente; todos los pedidos usan ese precio por diseño
D0000585,precio_unitario_ars,nulo_sintetico,COALESCE con precio de id_fuente; todos los pedidos usan ese precio por diseño
D0000722,precio_unitario_ars,nulo_sintetico,COALESCE con precio de id_fuente; todos los pedidos usan ese precio por diseño
D0000859,precio_unitario_ars,nulo_sintetico,COALESCE con precio de id_fuente; todos los pedidos usan ese precio por diseño
D0000996,precio_unitario_ars,nulo_sintetico,COALESCE con precio de id_fuente; todos los pedidos usan ese precio por diseño
D0001133,precio_unitario_ars,nulo_sintetico,COALESCE con precio de id_fuente; todos los pedidos usan ese precio por diseño
D0001270,precio_unitario_ars,nulo_sintetico,COALESCE con precio de id_fuente; todos los pedidos usan ese precio por diseño
D0001407,precio_unitario_ars,nulo_sintetico,COALESCE con precio de id_fuente; todos los pedidos usan ese precio por diseño
D0001544,precio_unitario_ars,nulo_sintetico,COALESCE con precio de id_fuente; todos los pedidos usan ese precio por diseño
D0001681,precio_unitario_ars,nulo_sintetico,COALESCE con precio de id_fuente; todos los pedidos usan ese precio por diseño
D0001818,precio_unitario_ars,nulo_sintetico,COALESCE con precio de id_fuente; todos los pedidos usan ese precio por diseño
D0001955,precio_unitario_ars,nulo_sintetico,COALESCE con precio de id_fuente; todos los pedidos usan ese precio por diseño
D0002092,precio_unitario_ars,nulo_sintetico,COALESCE con precio de id_fuente; todos los pedidos usan ese precio por diseño
D0002229,precio_unitario_ars,nulo_sintetico,COALESCE con precio de id_fuente; todos los pedidos usan ese precio por diseño
D0002366,precio_unitario_ars,nulo_sintetico,COALESCE con precio de id_fuente; todos los pedidos usan ese precio por diseño
D0002503,precio_unitario_ars,nulo_sintetico,COALESCE con precio de id_fuente; todos los pedidos usan ese precio por diseño
D0002640,precio_unitario_ars,nulo_sintetico,COALESCE con precio de id_fuente; todos los pedidos usan ese precio por diseño
D0002777,precio_unitario_ars,nulo_sintetico,COALESCE con precio de id_fuente; todos los pedidos usan ese precio por diseño
D0002914,precio_unitario_ars,nulo_sintetico,COALESCE con precio de id_fuente; todos los pedidos usan ese precio por diseño
D0003051,precio_unitario_ars,nulo_sintetico,COALESCE con precio de id_fuente; todos los pedidos usan ese precio por diseño
D0003188,precio_unitario_ars,nulo_sintetico,COALESCE con precio de id_fuente; todos los pedidos usan ese precio por diseño
D0003325,precio_unitario_ars,nulo_sintetico,COALESCE con precio de id_fuente; todos los pedidos usan ese precio por diseño
D0003462,precio_unitario_ars,nulo_sintetico,COALESCE con precio de id_fuente; todos los pedidos usan ese precio por diseño
D0003599,precio_unitario_ars,nulo_sintetico,COALESCE con precio de id_fuente; todos los pedidos usan ese precio por diseño
D0003736,precio_unitario_ars,nulo_sintetico,COALESCE con precio de id_fuente; todos los pedidos usan ese precio por diseño
D0003873,precio_unitario_ars,nulo_sintetico,COALESCE con precio de id_fuente; todos los pedidos usan ese precio por diseño
D0004010,precio_unitario_ars,nulo_sintetico,COALESCE con precio de id_fuente; todos los pedidos usan ese precio por diseño
D0004147,precio_unitario_ars,nulo_sintetico,COALESCE con precio de id_fuente; todos los pedidos usan ese precio por diseño
D0004284,precio_unitario_ars,nulo_sintetico,COALESCE con precio de id_fuente; todos los pedidos usan ese precio por diseño
D0004421,precio_unitario_ars,nulo_sintetico,COALESCE con precio de id_fuente; todos los pedidos usan ese precio por diseño
D0004558,precio_unitario_ars,nulo_sintetico,COALESCE con precio de id_fuente; todos los pedidos usan ese precio por diseño
D0004695,precio_unitario_ars,nulo_sintetico,COALESCE con precio de id_fuente; todos los pedidos usan ese precio por diseño
D0004832,precio_unitario_ars,nulo_sintetico,COALESCE con precio de id_fuente; todos los pedidos usan ese precio por diseño
D0004969,precio_unitario_ars,nulo_sintetico,COALESCE con precio de id_fuente; todos los pedidos usan ese precio por diseño
D0005106,precio_unitario_ars,nulo_sintetico,COALESCE con precio de id_fuente; todos los pedidos usan ese precio por diseño
D0005243,precio_unitario_ars,nulo_sintetico,COALESCE con precio de id_fuente; todos los pedidos usan ese precio por diseño
D0005380,precio_unitario_ars,nulo_sintetico,COALESCE con precio de id_fuente; todos los pedidos usan ese precio por diseño
D0005517,precio_unitario_ars,nulo_sintetico,COALESCE con precio de id_fuente; todos los pedidos usan ese precio por diseño
D0005654,precio_unitario_ars,nulo_sintetico,COALESCE con precio de id_fuente; todos los pedidos usan ese precio por diseño
D0005791,precio_unitario_ars,nulo_sintetico,COALESCE con precio de id_fuente; todos los pedidos usan ese precio por diseño
D0005928,precio_unitario_ars,nulo_sintetico,COALESCE con precio de id_fuente; todos los pedidos usan ese precio por diseño
D0006065,precio_unitario_ars,nulo_sintetico,COALESCE con precio de id_fuente; todos los pedidos usan ese precio por diseño
D0006202,precio_unitario_ars,nulo_sintetico,COALESCE con precio de id_fuente; todos los pedidos usan ese precio por diseño
D0006339,precio_unitario_ars,nulo_sintetico,COALESCE con precio de id_fuente; todos los pedidos usan ese precio por diseño
D0006476,precio_unitario_ars,nulo_sintetico,COALESCE con precio de id_fuente; todos los pedidos usan ese precio por diseño
D0006613,precio_unitario_ars,nulo_sintetico,COALESCE con precio de id_fuente; todos los pedidos usan ese precio por diseño
D0006750,precio_unitario_ars,nulo_sintetico,COALESCE con precio de id_fuente; todos los pedidos usan ese precio por diseño
D0006887,precio_unitario_ars,nulo_sintetico,COALESCE con precio de id_fuente; todos los pedidos usan ese precio por diseño
D0007024,precio_unitario_ars,nulo_sintetico,COALESCE con precio de id_fuente; todos los pedidos usan ese precio por diseño
D0007161,precio_unitario_ars,nulo_sintetico,COALESCE con precio de id_fuente; todos los pedidos usan ese precio por diseño
D0007298,precio_unitario_ars,nulo_sintetico,COALESCE con precio de id_fuente; todos los pedidos usan ese precio por diseño
D0007435,precio_unitario_ars,nulo_sintetico,COALESCE con precio de id_fuente; todos los pedidos usan ese precio por diseño
D0007572,precio_unitario_ars,nulo_sintetico,COALESCE con precio de id_fuente; todos los pedidos usan ese precio por diseño
D0007709,precio_unitario_ars,nulo_sintetico,COALESCE con precio de id_fuente; todos los pedidos usan ese precio por diseño
D0007846,precio_unitario_ars,nulo_sintetico,COALESCE con precio de id_fuente; todos los pedidos usan ese precio por diseño
D0007983,precio_unitario_ars,nulo_sintetico,COALESCE con precio de id_fuente; todos los pedidos usan ese precio por diseño
D0008120,precio_unitario_ars,nulo_sintetico,COALESCE con precio de id_fuente; todos los pedidos usan ese precio por diseño
D0008257,precio_unitario_ars,nulo_sintetico,COALESCE con precio de id_fuente; todos los pedidos usan ese precio por diseño
D0008394,precio_unitario_ars,nulo_sintetico,COALESCE con precio de id_fuente; todos los pedidos usan ese precio por diseño
D0008531,precio_unitario_ars,nulo_sintetico,COALESCE con precio de id_fuente; todos los pedidos usan ese precio por diseño
D0008668,precio_unitario_ars,nulo_sintetico,COALESCE con precio de id_fuente; todos los pedidos usan ese precio por diseño
D0008805,precio_unitario_ars,nulo_sintetico,COALESCE con precio de id_fuente; todos los pedidos usan ese precio por diseño
D0008942,precio_unitario_ars,nulo_sintetico,COALESCE con precio de id_fuente; todos los pedidos usan ese precio por diseño
D0009079,precio_unitario_ars,nulo_sintetico,COALESCE con precio de id_fuente; todos los pedidos usan ese precio por diseño
D0009216,precio_unitario_ars,nulo_sintetico,COALESCE con precio de id_fuente; todos los pedidos usan ese precio por diseño
D0009353,precio_unitario_ars,nulo_sintetico,COALESCE con precio de id_fuente; todos los pedidos usan ese precio por diseño
D0009490,precio_unitario_ars,nulo_sintetico,COALESCE con precio de id_fuente; todos los pedidos usan ese precio por diseño
D0009627,precio_unitario_ars,nulo_sintetico,COALESCE con precio de id_fuente; todos los pedidos usan ese precio por diseño
D0009764,precio_unitario_ars,nulo_sintetico,COALESCE con precio de id_fuente; todos los pedidos usan ese precio por diseño
D0009901,precio_unitario_ars,nulo_sintetico,COALESCE con precio de id_fuente; todos los pedidos usan ese precio por diseño
D0010038,precio_unitario_ars,nulo_sintetico,COALESCE con precio de id_fuente; todos los pedidos usan ese precio por diseño
D0010175,precio_unitario_ars,nulo_sintetico,COALESCE con precio de id_fuente; todos los pedidos usan ese precio por diseño
D0010312,precio_unitario_ars,nulo_sintetico,COALESCE con precio de id_fuente; todos los pedidos usan ese precio por diseño
D0010449,precio_unitario_ars,nulo_sintetico,COALESCE con precio de id_fuente; todos los pedidos usan ese precio por diseño
D0010586,precio_unitario_ars,nulo_sintetico,COALESCE con precio de id_fuente; todos los pedidos usan ese precio por diseño
D0010723,precio_unitario_ars,nulo_sintetico,COALESCE con precio de id_fuente; todos los pedidos usan ese precio por diseño
D0010860,precio_unitario_ars,nulo_sintetico,COALESCE con precio de id_fuente; todos los pedidos usan ese precio por diseño
D0010997,precio_unitario_ars,nulo_sintetico,COALESCE con precio de id_fuente; todos los pedidos usan ese precio por diseño
D0011134,precio_unitario_ars,nulo_sintetico,COALESCE con precio de id_fuente; todos los pedidos usan ese precio por diseño
D0011271,precio_unitario_ars,nulo_sintetico,COALESCE con precio de id_fuente; todos los pedidos usan ese precio por diseño
D0011408,precio_unitario_ars,nulo_sintetico,COALESCE con precio de id_fuente; todos los pedidos usan ese precio por diseño
D0011545,precio_unitario_ars,nulo_sintetico,COALESCE con precio de id_fuente; todos los pedidos usan ese precio por diseño
D0011682,precio_unitario_ars,nulo_sintetico,COALESCE con precio de id_fuente; todos los pedidos usan ese precio por diseño
D0011819,precio_unitario_ars,nulo_sintetico,COALESCE con precio de id_fuente; todos los pedidos usan ese precio por diseño
D0011956,precio_unitario_ars,nulo_sintetico,COALESCE con precio de id_fuente; todos los pedidos usan ese precio por diseño
D0012093,precio_unitario_ars,nulo_sintetico,COALESCE con precio de id_fuente; todos los pedidos usan ese precio por diseño
D0012230,precio_unitario_ars,nulo_sintetico,COALESCE con precio de id_fuente; todos los pedidos usan ese precio por diseño
D0012367,precio_unitario_ars,nulo_sintetico,COALESCE con precio de id_fuente; todos los pedidos usan ese precio por diseño
D0012504,precio_unitario_ars,nulo_sintetico,COALESCE con precio de id_fuente; todos los pedidos usan ese precio por diseño
D0012641,precio_unitario_ars,nulo_sintetico,COALESCE con precio de id_fuente; todos los pedidos usan ese precio por diseño
D0012778,precio_unitario_ars,nulo_sintetico,COALESCE con precio de id_fuente; todos los pedidos usan ese precio por diseño
D0012915,precio_unitario_ars,nulo_sintetico,COALESCE con precio de id_fuente; todos los pedidos usan ese precio por diseño
D0013052,precio_unitario_ars,nulo_sintetico,COALESCE con precio de id_fuente; todos los pedidos usan ese precio por diseño
D0013189,precio_unitario_ars,nulo_sintetico,COALESCE con precio de id_fuente; todos los pedidos usan ese precio por diseño
D0013326,precio_unitario_ars,nulo_sintetico,COALESCE con precio de id_fuente; todos los pedidos usan ese precio por diseño
D0013463,precio_unitario_ars,nulo_sintetico,COALESCE con precio de id_fuente; todos los pedidos usan ese precio por diseño
D0013600,precio_unitario_ars,nulo_sintetico,COALESCE con precio de id_fuente; todos los pedidos usan ese precio por diseño
D0013737,precio_unitario_ars,nulo_sintetico,COALESCE con precio de id_fuente; todos los pedidos usan ese precio por diseño
D0013874,precio_unitario_ars,nulo_sintetico,COALESCE con precio de id_fuente; todos los pedidos usan ese precio por diseño
D0014011,precio_unitario_ars,nulo_sintetico,COALESCE con precio de id_fuente; todos los pedidos usan ese precio por diseño
D0014148,precio_unitario_ars,nulo_sintetico,COALESCE con precio de id_fuente; todos los pedidos usan ese precio por diseño
D0014285,precio_unitario_ars,nulo_sintetico,COALESCE con precio de id_fuente; todos los pedidos usan ese precio por diseño
D0014422,precio_unitario_ars,nulo_sintetico,COALESCE con precio de id_fuente; todos los pedidos usan ese precio por diseño
D0014559,precio_unitario_ars,nulo_sintetico,COALESCE con precio de id_fuente; todos los pedidos usan ese precio por diseño
D0014696,precio_unitario_ars,nulo_sintetico,COALESCE con precio de id_fuente; todos los pedidos usan ese precio por diseño
D0014833,precio_unitario_ars,nulo_sintetico,COALESCE con precio de id_fuente; todos los pedidos usan ese precio por diseño
D0014970,precio_unitario_ars,nulo_sintetico,COALESCE con precio de id_fuente; todos los pedidos usan ese precio por diseño
D0015107,precio_unitario_ars,nulo_sintetico,COALESCE con precio de id_fuente; todos los pedidos usan ese precio por diseño
D0015244,precio_unitario_ars,nulo_sintetico,COALESCE con precio de id_fuente; todos los pedidos usan ese precio por diseño
D0015381,precio_unitario_ars,nulo_sintetico,COALESCE con precio de id_fuente; todos los pedidos usan ese precio por diseño
D0015518,precio_unitario_ars,nulo_sintetico,COALESCE con precio de id_fuente; todos los pedidos usan ese precio por diseño
D0015655,precio_unitario_ars,nulo_sintetico,COALESCE con precio de id_fuente; todos los pedidos usan ese precio por diseño
D0015792,precio_unitario_ars,nulo_sintetico,COALESCE con precio de id_fuente; todos los pedidos usan ese precio por diseño
D0015929,precio_unitario_ars,nulo_sintetico,COALESCE con precio de id_fuente; todos los pedidos usan ese precio por diseño
D0016066,precio_unitario_ars,nulo_sintetico,COALESCE con precio de id_fuente; todos los pedidos usan ese precio por diseño
D0016203,precio_unitario_ars,nulo_sintetico,COALESCE con precio de id_fuente; todos los pedidos usan ese precio por diseño
D0016340,precio_unitario_ars,nulo_sintetico,COALESCE con precio de id_fuente; todos los pedidos usan ese precio por diseño
D0016477,precio_unitario_ars,nulo_sintetico,COALESCE con precio de id_fuente; todos los pedidos usan ese precio por diseño
D0016614,precio_unitario_ars,nulo_sintetico,COALESCE con precio de id_fuente; todos los pedidos usan ese precio por diseño
D0016751,precio_unitario_ars,nulo_sintetico,COALESCE con precio de id_fuente; todos los pedidos usan ese precio por diseño
D0016888,precio_unitario_ars,nulo_sintetico,COALESCE con precio de id_fuente; todos los pedidos usan ese precio por diseño
D0017025,precio_unitario_ars,nulo_sintetico,COALESCE con precio de id_fuente; todos los pedidos usan ese precio por diseño
D0017162,precio_unitario_ars,nulo_sintetico,COALESCE con precio de id_fuente; todos los pedidos usan ese precio por diseño
D0017299,precio_unitario_ars,nulo_sintetico,COALESCE con precio de id_fuente; todos los pedidos usan ese precio por diseño
D0017436,precio_unitario_ars,nulo_sintetico,COALESCE con precio de id_fuente; todos los pedidos usan ese precio por diseño
D0017573,precio_unitario_ars,nulo_sintetico,COALESCE con precio de id_fuente; todos los pedidos usan ese precio por diseño
D0017710,precio_unitario_ars,nulo_sintetico,COALESCE con precio de id_fuente; todos los pedidos usan ese precio por diseño
D0017847,precio_unitario_ars,nulo_sintetico,COALESCE con precio de id_fuente; todos los pedidos usan ese precio por diseño
D0017984,precio_unitario_ars,nulo_sintetico,COALESCE con precio de id_fuente; todos los pedidos usan ese precio por diseño
D0018121,precio_unitario_ars,nulo_sintetico,COALESCE con precio de id_fuente; todos los pedidos usan ese precio por diseño
D0018258,precio_unitario_ars,nulo_sintetico,COALESCE con precio de id_fuente; todos los pedidos usan ese precio por diseño
D0018395,precio_unitario_ars,nulo_sintetico,COALESCE con precio de id_fuente; todos los pedidos usan ese precio por diseño
D0018532,precio_unitario_ars,nulo_sintetico,COALESCE con precio de id_fuente; todos los pedidos usan ese precio por diseño
D0018669,precio_unitario_ars,nulo_sintetico,COALESCE con precio de id_fuente; todos los pedidos usan ese precio por diseño
D0018806,precio_unitario_ars,nulo_sintetico,COALESCE con precio de id_fuente; todos los pedidos usan ese precio por diseño
D0018943,precio_unitario_ars,nulo_sintetico,COALESCE con precio de id_fuente; todos los pedidos usan ese precio por diseño
D0019080,precio_unitario_ars,nulo_sintetico,COALESCE con precio de id_fuente; todos los pedidos usan ese precio por diseño
D0019217,precio_unitario_ars,nulo_sintetico,COALESCE con precio de id_fuente; todos los pedidos usan ese precio por diseño
D0019354,precio_unitario_ars,nulo_sintetico,COALESCE con precio de id_fuente; todos los pedidos usan ese precio por diseño
D0019491,precio_unitario_ars,nulo_sintetico,COALESCE con precio de id_fuente; todos los pedidos usan ese precio por diseño
D0019628,precio_unitario_ars,nulo_sintetico,COALESCE con precio de id_fuente; todos los pedidos usan ese precio por diseño
D0019765,precio_unitario_ars,nulo_sintetico,COALESCE con precio de id_fuente; todos los pedidos usan ese precio por diseño
D0019902,precio_unitario_ars,nulo_sintetico,COALESCE con precio de id_fuente; todos los pedidos usan ese precio por diseño
D0020039,precio_unitario_ars,nulo_sintetico,COALESCE con precio de id_fuente; todos los pedidos usan ese precio por diseño
D0020176,precio_unitario_ars,nulo_sintetico,COALESCE con precio de id_fuente; todos los pedidos usan ese precio por diseño
D0020313,precio_unitario_ars,nulo_sintetico,COALESCE con precio de id_fuente; todos los pedidos usan ese precio por diseño
D0020450,precio_unitario_ars,nulo_sintetico,COALESCE con precio de id_fuente; todos los pedidos usan ese precio por diseño
D0020587,precio_unitario_ars,nulo_sintetico,COALESCE con precio de id_fuente; todos los pedidos usan ese precio por diseño
D0020724,precio_unitario_ars,nulo_sintetico,COALESCE con precio de id_fuente; todos los pedidos usan ese precio por diseño
D0020861,precio_unitario_ars,nulo_sintetico,COALESCE con precio de id_fuente; todos los pedidos usan ese precio por diseño
D0020998,precio_unitario_ars,nulo_sintetico,COALESCE con precio de id_fuente; todos los pedidos usan ese precio por diseño
D0021135,precio_unitario_ars,nulo_sintetico,COALESCE con precio de id_fuente; todos los pedidos usan ese precio por diseño
D0021272,precio_unitario_ars,nulo_sintetico,COALESCE con precio de id_fuente; todos los pedidos usan ese precio por diseño
D0021409,precio_unitario_ars,nulo_sintetico,COALESCE con precio de id_fuente; todos los pedidos usan ese precio por diseño
D0021546,precio_unitario_ars,nulo_sintetico,COALESCE con precio de id_fuente; todos los pedidos usan ese precio por diseño
D0021683,precio_unitario_ars,nulo_sintetico,COALESCE con precio de id_fuente; todos los pedidos usan ese precio por diseño
D0021820,precio_unitario_ars,nulo_sintetico,COALESCE con precio de id_fuente; todos los pedidos usan ese precio por diseño
D0021957,precio_unitario_ars,nulo_sintetico,COALESCE con precio de id_fuente; todos los pedidos usan ese precio por diseño
D0022094,precio_unitario_ars,nulo_sintetico,COALESCE con precio de id_fuente; todos los pedidos usan ese precio por diseño
D0022231,precio_unitario_ars,nulo_sintetico,COALESCE con precio de id_fuente; todos los pedidos usan ese precio por diseño
D0022368,precio_unitario_ars,nulo_sintetico,COALESCE con precio de id_fuente; todos los pedidos usan ese precio por diseño
D0022505,precio_unitario_ars,nulo_sintetico,COALESCE con precio de id_fuente; todos los pedidos usan ese precio por diseño
D0022642,precio_unitario_ars,nulo_sintetico,COALESCE con precio de id_fuente; todos los pedidos usan ese precio por diseño
D0022779,precio_unitario_ars,nulo_sintetico,COALESCE con precio de id_fuente; todos los pedidos usan ese precio por diseño
D0000073,fila,duplicado_exacto_sintetico,SELECT DISTINCT
D0000462,fila,duplicado_exacto_sintetico,SELECT DISTINCT
D0000851,fila,duplicado_exacto_sintetico,SELECT DISTINCT
D0001240,fila,duplicado_exacto_sintetico,SELECT DISTINCT
D0001629,fila,duplicado_exacto_sintetico,SELECT DISTINCT
D0002018,fila,duplicado_exacto_sintetico,SELECT DISTINCT
D0002407,fila,duplicado_exacto_sintetico,SELECT DISTINCT
D0002796,fila,duplicado_exacto_sintetico,SELECT DISTINCT
D0003185,fila,duplicado_exacto_sintetico,SELECT DISTINCT
D0003574,fila,duplicado_exacto_sintetico,SELECT DISTINCT
D0003963,fila,duplicado_exacto_sintetico,SELECT DISTINCT
D0004352,fila,duplicado_exacto_sintetico,SELECT DISTINCT
D0004741,fila,duplicado_exacto_sintetico,SELECT DISTINCT
D0005130,fila,duplicado_exacto_sintetico,SELECT DISTINCT
D0005519,fila,duplicado_exacto_sintetico,SELECT DISTINCT
D0005908,fila,duplicado_exacto_sintetico,SELECT DISTINCT
D0006297,fila,duplicado_exacto_sintetico,SELECT DISTINCT
D0006686,fila,duplicado_exacto_sintetico,SELECT DISTINCT
D0007075,fila,duplicado_exacto_sintetico,SELECT DISTINCT
D0007464,fila,duplicado_exacto_sintetico,SELECT DISTINCT
D0007853,fila,duplicado_exacto_sintetico,SELECT DISTINCT
D0008242,fila,duplicado_exacto_sintetico,SELECT DISTINCT
D0008631,fila,duplicado_exacto_sintetico,SELECT DISTINCT
D0009020,fila,duplicado_exacto_sintetico,SELECT DISTINCT
D0009409,fila,duplicado_exacto_sintetico,SELECT DISTINCT
D0009798,fila,duplicado_exacto_sintetico,SELECT DISTINCT
D0010187,fila,duplicado_exacto_sintetico,SELECT DISTINCT
D0010576,fila,duplicado_exacto_sintetico,SELECT DISTINCT
D0010965,fila,duplicado_exacto_sintetico,SELECT DISTINCT
D0011354,fila,duplicado_exacto_sintetico,SELECT DISTINCT
D0011743,fila,duplicado_exacto_sintetico,SELECT DISTINCT
D0012132,fila,duplicado_exacto_sintetico,SELECT DISTINCT
D0012521,fila,duplicado_exacto_sintetico,SELECT DISTINCT
D0012910,fila,duplicado_exacto_sintetico,SELECT DISTINCT
D0013299,fila,duplicado_exacto_sintetico,SELECT DISTINCT
D0013688,fila,duplicado_exacto_sintetico,SELECT DISTINCT
D0014077,fila,duplicado_exacto_sintetico,SELECT DISTINCT
D0014466,fila,duplicado_exacto_sintetico,SELECT DISTINCT
D0014855,fila,duplicado_exacto_sintetico,SELECT DISTINCT
D0015244,fila,duplicado_exacto_sintetico,SELECT DISTINCT
D0015633,fila,duplicado_exacto_sintetico,SELECT DISTINCT
D0016022,fila,duplicado_exacto_sintetico,SELECT DISTINCT
D0016411,fila,duplicado_exacto_sintetico,SELECT DISTINCT
D0016800,fila,duplicado_exacto_sintetico,SELECT DISTINCT
D0017189,fila,duplicado_exacto_sintetico,SELECT DISTINCT
D0017578,fila,duplicado_exacto_sintetico,SELECT DISTINCT
D0017967,fila,duplicado_exacto_sintetico,SELECT DISTINCT
D0018356,fila,duplicado_exacto_sintetico,SELECT DISTINCT
D0018745,fila,duplicado_exacto_sintetico,SELECT DISTINCT
D0019134,fila,duplicado_exacto_sintetico,SELECT DISTINCT
D0019523,fila,duplicado_exacto_sintetico,SELECT DISTINCT
D0019912,fila,duplicado_exacto_sintetico,SELECT DISTINCT
D0020301,fila,duplicado_exacto_sintetico,SELECT DISTINCT
D0020690,fila,duplicado_exacto_sintetico,SELECT DISTINCT
D0021079,fila,duplicado_exacto_sintetico,SELECT DISTINCT
D0021468,fila,duplicado_exacto_sintetico,SELECT DISTINCT
D0021857,fila,duplicado_exacto_sintetico,SELECT DISTINCT
D0022246,fila,duplicado_exacto_sintetico,SELECT DISTINCT
D0022635,fila,duplicado_exacto_sintetico,SELECT DISTINCT
